{"stats":{"minecraft:custom":{"minecraft:jump":55,"minecraft:time_since_rest":2353,"minecraft:damage_dealt":200,"minecraft:crouch_one_cm":206,"tombstone:undead_killed":1,"minecraft:sprint_one_cm":10593,"minecraft:play_time":2353,"minecraft:damage_taken":240,"minecraft:time_since_death":2353,"minecraft:walk_one_cm":5896,"minecraft:sneak_time":39,"minecraft:total_world_time":2353,"minecraft:mob_kills":1,"minecraft:fall_one_cm":2150,"minecraft:fly_one_cm":11529,"minecraft:leave_game":1},"minecraft:killed":{"minecraft:skeleton":1},"minecraft:mined":{"minecraft:oak_log":5,"minecraft:grass":2},"minecraft:picked_up":{"minecraft:oak_log":5,"minecraft:bone":1,"tombstone:grave_dust":2,"minecraft:wheat_seeds":1}},"DataVersion":2975}