{"stats":{"minecraft:crafted":{"minecraft:crafting_table":1,"minecraft:stick":8,"minecraft:wooden_pickaxe":1,"minecraft:stone_pickaxe":1,"minecraft:stone_sword":1,"minecraft:acacia_planks":20,"minecraft:stone_axe":1},"minecraft:used":{"minecraft:water_bucket":1,"minecraft:stone_sword":23,"minecraft:stone_pickaxe":5,"minecraft:wooden_pickaxe":23,"farmersdelight:mutton_chops":4,"minecraft:stone_axe":6,"minecraft:beef":2,"minecraft:crafting_table":1,"minecraft:bucket":2,"minecraft:acacia_planks":3},"minecraft:custom":{"minecraft:time_since_rest":5525,"lootr:looted_stat":3,"minecraft:sprint_one_cm":20105,"minecraft:damage_taken":141,"minecraft:walk_one_cm":14802,"minecraft:mob_kills":3,"minecraft:drop":2,"minecraft:damage_dealt":643,"minecraft:interact_with_crafting_table":2,"minecraft:fly_one_cm":42628,"minecraft:crouch_one_cm":1437,"minecraft:play_time":5525,"minecraft:sneak_time":660,"minecraft:walk_under_water_one_cm":210,"minecraft:jump":222,"minecraft:leave_game":2,"minecraft:time_since_death":5525,"minecraft:walk_on_water_one_cm":158,"minecraft:total_world_time":5525,"minecraft:fall_one_cm":6678},"minecraft:killed":{"minecraft:pig":1,"minecraft:cow":1},"minecraft:mined":{"minecraft:acacia_leaves":1,"minecraft:grass":21,"minecraft:acacia_log":12,"minecraft:grass_block":1,"minecraft:coal_ore":5,"minecraft:dirt":3,"minecraft:tall_grass":3,"minecraft:stone":19,"minecraft:sugar_cane":6},"minecraft:dropped":{"minecraft:wheat_seeds":1,"minecraft:wooden_pickaxe":1},"minecraft:picked_up":{"minecraft:leather":2,"minecraft:acacia_log":10,"minecraft:porkchop":3,"minecraft:dirt":4,"minecraft:wheat_seeds":1,"minecraft:beef":2,"minecraft:sugar_cane":11,"minecraft:coal":5,"minecraft:cobblestone":19}},"DataVersion":2975}