{"stats":{"minecraft:dropped":{"byg:biomepedia":1,"minecraft:bread":1,"minecraft:sugar_cane":11,"minecraft:wheat_seeds":1,"minecraft:cobbled_deepslate":145,"minecraft:stone_sword":1,"alexsmobs:animal_dictionary":2,"minecraft:tuff":21,"minecraft:leather":2,"minecraft:dirt":39,"alexsmobs:cockroach_wing_fragment":1,"minecraft:mutton":2,"minecraft:arrow":2,"minecraft:wooden_pickaxe":1,"minecraft:bone":4,"minecraft:redstone":5},"minecraft:broken":{"minecraft:iron_pickaxe":1},"minecraft:custom":{"lootr:looted_stat":3,"minecraft:interact_with_furnace":72,"minecraft:mob_kills":15,"minecraft:interact_with_crafting_table":29,"minecraft:leave_game":4,"minecraft:time_since_death":40127,"minecraft:time_since_rest":40127,"minecraft:sprint_one_cm":63907,"minecraft:damage_taken":247,"minecraft:walk_one_cm":62456,"minecraft:drop":54,"minecraft:damage_dealt":2926,"minecraft:swim_one_cm":376,"minecraft:talked_to_villager":1,"minecraft:fly_one_cm":117412,"minecraft:crouch_one_cm":12501,"minecraft:play_time":40127,"tombstone:undead_killed":9,"minecraft:sneak_time":4292,"minecraft:walk_under_water_one_cm":3296,"minecraft:jump":630,"minecraft:walk_on_water_one_cm":2731,"minecraft:total_world_time":40127,"minecraft:fall_one_cm":18680},"minecraft:killed":{"minecraft:pig":1,"minecraft:spider":1,"minecraft:skeleton":3,"minecraft:zombie":6,"alexsmobs:cockroach":1,"minecraft:cow":2},"minecraft:crafted":{"farmersdelight:cooked_mutton_chops":1,"minecraft:cooked_porkchop":3,"minecraft:crafting_table":2,"minecraft:wooden_pickaxe":1,"minecraft:iron_helmet":1,"minecraft:furnace":2,"minecraft:stone_axe":1,"minecraft:bread":30,"minecraft:cooked_mutton":1,"minecraft:air":0,"minecraft:iron_boots":1,"minecraft:iron_chestplate":1,"minecraft:shield":1,"minecraft:stick":16,"minecraft:iron_ingot":31,"minecraft:iron_pickaxe":2,"minecraft:stone_pickaxe":1,"minecraft:stone_sword":1,"minecraft:iron_leggings":1,"minecraft:gold_ingot":12,"minecraft:acacia_planks":28,"minecraft:torch":12,"minecraft:wheat":90},"minecraft:used":{"minecraft:water_bucket":6,"minecraft:stone_sword":45,"minecraft:stone_pickaxe":84,"minecraft:wooden_pickaxe":23,"minecraft:iron_sword":40,"farmersdelight:mutton_chops":4,"minecraft:iron_chestplate":1,"minecraft:torch":15,"minecraft:crafting_table":4,"minecraft:bread":5,"minecraft:iron_pickaxe":272,"minecraft:iron_helmet":1,"minecraft:iron_boots":1,"minecraft:stone_axe":11,"minecraft:cobblestone":1,"minecraft:beef":2,"minecraft:furnace":4,"minecraft:bucket":7,"supplementaries:statue":1,"minecraft:cobbled_deepslate":38,"minecraft:acacia_planks":5},"minecraft:mined":{"minecraft:deepslate_redstone_ore":1,"minecraft:tuff":21,"minecraft:acacia_leaves":1,"minecraft:deepslate_diamond_ore":27,"minecraft:crafting_table":3,"minecraft:torch":3,"minecraft:acacia_log":12,"minecraft:grass_block":1,"minecraft:tall_grass":3,"minecraft:cobblestone":1,"minecraft:deepslate_gold_ore":12,"minecraft:sugar_cane":6,"minecraft:wall_torch":7,"supplementaries:urn":6,"minecraft:hay_block":10,"minecraft:furnace":4,"minecraft:iron_ore":27,"minecraft:cobbled_deepslate":2,"minecraft:deepslate_lapis_ore":3,"minecraft:grass":24,"minecraft:coal_ore":39,"minecraft:deepslate_iron_ore":6,"minecraft:dirt":3,"minecraft:acacia_planks":2,"minecraft:stone":24,"minecraft:deepslate":199},"minecraft:picked_up":{"minecraft:crafting_table":3,"minecraft:cooked_beef":15,"minecraft:leather":2,"minecraft:tuff":21,"minecraft:lapis_lazuli":15,"minecraft:dirt":4,"supplementaries:statue":1,"minecraft:cooked_mutton":1,"minecraft:bone":4,"minecraft:acacia_planks":2,"minecraft:wheat_seeds":1,"minecraft:raw_gold":12,"minecraft:cobbled_deepslate":242,"alexsmobs:cockroach_wing_fragment":1,"minecraft:beef":2,"minecraft:sugar_cane":11,"minecraft:iron_sword":1,"minecraft:furnace":4,"minecraft:raw_iron":49,"minecraft:torch":10,"minecraft:acacia_log":10,"minecraft:porkchop":3,"minecraft:redstone":5,"alexsmobs:animal_dictionary":1,"minecraft:arrow":2,"minecraft:rotten_flesh":3,"minecraft:diamond":26,"minecraft:hay_block":10,"minecraft:golden_apple":2,"minecraft:bread":1,"minecraft:emerald":14,"supplementaries:ash":7,"minecraft:mutton":2,"minecraft:coal":84,"minecraft:cobblestone":25,"minecraft:ender_pearl":1}},"DataVersion":2975}