{"stats":{"minecraft:dropped":{"byg:biomepedia":1,"minecraft:wheat_seeds":1,"minecraft:cobbled_deepslate":41,"minecraft:stone_sword":1,"alexsmobs:animal_dictionary":2,"minecraft:tuff":21,"minecraft:leather":2,"minecraft:dirt":39,"alexsmobs:cockroach_wing_fragment":1,"minecraft:wooden_pickaxe":1,"minecraft:redstone":5},"minecraft:broken":{"minecraft:iron_pickaxe":1},"minecraft:custom":{"lootr:looted_stat":3,"minecraft:interact_with_furnace":62,"minecraft:mob_kills":9,"minecraft:interact_with_crafting_table":25,"minecraft:leave_game":3,"minecraft:time_since_death":34361,"minecraft:time_since_rest":34361,"minecraft:sprint_one_cm":50076,"minecraft:damage_taken":201,"minecraft:walk_one_cm":47589,"minecraft:drop":47,"minecraft:damage_dealt":1544,"minecraft:swim_one_cm":376,"minecraft:talked_to_villager":1,"minecraft:fly_one_cm":85454,"minecraft:crouch_one_cm":11585,"minecraft:play_time":34361,"tombstone:undead_killed":3,"minecraft:sneak_time":4109,"minecraft:walk_under_water_one_cm":3296,"minecraft:jump":469,"minecraft:walk_on_water_one_cm":2731,"minecraft:total_world_time":34361,"minecraft:fall_one_cm":13903},"minecraft:killed":{"minecraft:pig":1,"minecraft:spider":1,"minecraft:zombie":3,"alexsmobs:cockroach":1,"minecraft:cow":2},"minecraft:crafted":{"farmersdelight:cooked_mutton_chops":1,"minecraft:cooked_porkchop":3,"minecraft:crafting_table":2,"minecraft:wooden_pickaxe":1,"minecraft:iron_helmet":1,"minecraft:furnace":2,"minecraft:stone_axe":1,"minecraft:cooked_mutton":1,"minecraft:bread":30,"minecraft:air":0,"minecraft:iron_chestplate":1,"minecraft:iron_boots":1,"minecraft:shield":1,"minecraft:stick":12,"minecraft:iron_ingot":24,"minecraft:iron_pickaxe":1,"minecraft:stone_pickaxe":1,"minecraft:stone_sword":1,"minecraft:gold_ingot":12,"minecraft:acacia_planks":28,"minecraft:torch":12,"minecraft:wheat":90},"minecraft:used":{"minecraft:water_bucket":6,"minecraft:stone_sword":45,"minecraft:stone_pickaxe":84,"minecraft:wooden_pickaxe":23,"minecraft:iron_sword":11,"farmersdelight:mutton_chops":4,"minecraft:iron_chestplate":1,"minecraft:torch":14,"minecraft:crafting_table":4,"minecraft:bread":4,"minecraft:iron_pickaxe":254,"minecraft:iron_helmet":1,"minecraft:iron_boots":1,"minecraft:stone_axe":10,"minecraft:cobblestone":1,"minecraft:beef":2,"minecraft:furnace":4,"minecraft:bucket":7,"minecraft:cobbled_deepslate":30,"minecraft:acacia_planks":5},"minecraft:picked_up":{"minecraft:crafting_table":2,"minecraft:cooked_beef":15,"minecraft:leather":2,"minecraft:tuff":21,"minecraft:lapis_lazuli":15,"minecraft:dirt":4,"minecraft:cooked_mutton":1,"minecraft:acacia_planks":2,"minecraft:wheat_seeds":1,"minecraft:raw_gold":12,"minecraft:cobbled_deepslate":199,"alexsmobs:cockroach_wing_fragment":1,"minecraft:beef":2,"minecraft:sugar_cane":11,"minecraft:iron_sword":1,"minecraft:furnace":2,"minecraft:raw_iron":47,"minecraft:torch":9,"minecraft:acacia_log":10,"minecraft:porkchop":3,"minecraft:redstone":5,"alexsmobs:animal_dictionary":1,"minecraft:diamond":20,"minecraft:hay_block":10,"minecraft:golden_apple":2,"minecraft:mutton":2,"minecraft:coal":71,"minecraft:cobblestone":25,"minecraft:ender_pearl":1},"minecraft:mined":{"minecraft:deepslate_redstone_ore":1,"minecraft:tuff":21,"minecraft:acacia_leaves":1,"minecraft:deepslate_diamond_ore":20,"minecraft:crafting_table":2,"minecraft:torch":3,"minecraft:acacia_log":12,"minecraft:grass_block":1,"minecraft:tall_grass":3,"minecraft:cobblestone":1,"minecraft:deepslate_gold_ore":12,"minecraft:sugar_cane":6,"minecraft:wall_torch":6,"minecraft:hay_block":10,"minecraft:furnace":2,"minecraft:iron_ore":27,"minecraft:deepslate_lapis_ore":3,"minecraft:grass":24,"minecraft:coal_ore":39,"minecraft:deepslate_iron_ore":4,"minecraft:dirt":3,"minecraft:acacia_planks":2,"minecraft:stone":24,"minecraft:deepslate":199}},"DataVersion":2975}