{"stats":{"minecraft:crafted":{"minecraft:crafting_table":2,"minecraft:stick":8,"minecraft:wooden_pickaxe":1,"minecraft:stone_pickaxe":1,"minecraft:stone_sword":1,"minecraft:acacia_planks":20,"minecraft:torch":4,"minecraft:stone_axe":1,"minecraft:bread":30,"minecraft:wheat":90},"minecraft:used":{"minecraft:water_bucket":1,"minecraft:stone_sword":45,"minecraft:bread":3,"minecraft:stone_pickaxe":57,"minecraft:wooden_pickaxe":23,"minecraft:iron_sword":3,"farmersdelight:mutton_chops":4,"minecraft:stone_axe":9,"minecraft:torch":1,"minecraft:beef":2,"minecraft:crafting_table":2,"minecraft:bucket":2,"minecraft:acacia_planks":5},"minecraft:custom":{"minecraft:time_since_rest":13401,"lootr:looted_stat":3,"minecraft:sprint_one_cm":36345,"minecraft:damage_taken":201,"minecraft:walk_one_cm":29546,"minecraft:mob_kills":7,"minecraft:drop":40,"minecraft:damage_dealt":1284,"minecraft:talked_to_villager":1,"minecraft:interact_with_crafting_table":4,"minecraft:fly_one_cm":75671,"minecraft:crouch_one_cm":4166,"minecraft:play_time":13401,"tombstone:undead_killed":2,"minecraft:sneak_time":1329,"minecraft:walk_under_water_one_cm":210,"minecraft:jump":366,"minecraft:leave_game":3,"minecraft:time_since_death":13401,"minecraft:walk_on_water_one_cm":158,"minecraft:total_world_time":13401,"minecraft:fall_one_cm":12808},"minecraft:killed":{"minecraft:zombie":2,"minecraft:pig":1,"minecraft:spider":1,"minecraft:cow":2},"minecraft:mined":{"minecraft:hay_block":10,"minecraft:acacia_leaves":1,"minecraft:iron_ore":17,"minecraft:crafting_table":1,"minecraft:grass":24,"minecraft:acacia_log":12,"minecraft:grass_block":1,"minecraft:coal_ore":36,"minecraft:dirt":3,"minecraft:tall_grass":3,"minecraft:acacia_planks":2,"minecraft:stone":23,"minecraft:sugar_cane":6},"minecraft:dropped":{"minecraft:dirt":39,"minecraft:wheat_seeds":1,"minecraft:stone_sword":1,"minecraft:leather":2,"minecraft:wooden_pickaxe":1},"minecraft:picked_up":{"minecraft:raw_iron":17,"minecraft:cooked_beef":15,"minecraft:crafting_table":1,"minecraft:leather":2,"minecraft:acacia_log":10,"minecraft:porkchop":3,"minecraft:dirt":4,"minecraft:acacia_planks":2,"minecraft:wheat_seeds":1,"minecraft:hay_block":10,"minecraft:beef":2,"minecraft:golden_apple":2,"minecraft:sugar_cane":11,"minecraft:iron_sword":1,"minecraft:coal":35,"minecraft:cobblestone":23,"minecraft:ender_pearl":1}},"DataVersion":2975}