{"stats":{"minecraft:dropped":{"byg:biomepedia":1,"minecraft:wheat_seeds":1,"minecraft:stone_sword":1,"alexsmobs:animal_dictionary":2,"minecraft:leather":2,"minecraft:dirt":39,"alexsmobs:cockroach_wing_fragment":1,"minecraft:wooden_pickaxe":1},"minecraft:custom":{"lootr:looted_stat":3,"minecraft:interact_with_furnace":20,"minecraft:mob_kills":8,"minecraft:interact_with_crafting_table":9,"minecraft:leave_game":3,"minecraft:time_since_death":22361,"minecraft:time_since_rest":22361,"minecraft:sprint_one_cm":45099,"minecraft:damage_taken":201,"minecraft:walk_one_cm":43043,"minecraft:drop":44,"minecraft:damage_dealt":1344,"minecraft:talked_to_villager":1,"minecraft:fly_one_cm":84564,"minecraft:crouch_one_cm":7229,"minecraft:play_time":22361,"tombstone:undead_killed":2,"minecraft:sneak_time":2446,"minecraft:walk_under_water_one_cm":910,"minecraft:jump":410,"minecraft:walk_on_water_one_cm":2605,"minecraft:total_world_time":22361,"minecraft:fall_one_cm":13903},"minecraft:killed":{"minecraft:pig":1,"minecraft:spider":1,"minecraft:zombie":2,"alexsmobs:cockroach":1,"minecraft:cow":2},"minecraft:crafted":{"minecraft:cooked_porkchop":3,"minecraft:crafting_table":2,"minecraft:wooden_pickaxe":1,"minecraft:furnace":2,"minecraft:stone_axe":1,"minecraft:cooked_mutton":1,"minecraft:bread":30,"minecraft:air":0,"minecraft:iron_boots":1,"minecraft:stick":12,"minecraft:iron_ingot":11,"minecraft:iron_pickaxe":1,"minecraft:stone_pickaxe":1,"minecraft:stone_sword":1,"minecraft:acacia_planks":20,"minecraft:torch":4,"minecraft:wheat":90},"minecraft:used":{"minecraft:water_bucket":4,"minecraft:stone_sword":45,"minecraft:stone_pickaxe":71,"minecraft:wooden_pickaxe":23,"minecraft:iron_sword":5,"farmersdelight:mutton_chops":4,"minecraft:torch":7,"minecraft:crafting_table":3,"minecraft:bread":4,"minecraft:iron_pickaxe":149,"minecraft:iron_boots":1,"minecraft:stone_axe":10,"minecraft:beef":2,"minecraft:furnace":2,"minecraft:bucket":5,"minecraft:acacia_planks":5},"minecraft:picked_up":{"minecraft:crafting_table":2,"minecraft:cooked_beef":15,"minecraft:leather":2,"minecraft:tuff":5,"minecraft:lapis_lazuli":15,"minecraft:dirt":4,"minecraft:cooked_mutton":1,"minecraft:acacia_planks":2,"minecraft:wheat_seeds":1,"minecraft:raw_gold":7,"minecraft:cobbled_deepslate":115,"alexsmobs:cockroach_wing_fragment":1,"minecraft:beef":2,"minecraft:sugar_cane":11,"minecraft:iron_sword":1,"minecraft:furnace":2,"minecraft:raw_iron":43,"minecraft:torch":4,"minecraft:acacia_log":10,"minecraft:porkchop":3,"minecraft:redstone":5,"alexsmobs:animal_dictionary":1,"minecraft:diamond":13,"minecraft:hay_block":10,"minecraft:golden_apple":2,"minecraft:mutton":2,"minecraft:coal":71,"minecraft:cobblestone":24,"minecraft:ender_pearl":1},"minecraft:mined":{"minecraft:deepslate_redstone_ore":1,"minecraft:tuff":5,"minecraft:acacia_leaves":1,"minecraft:deepslate_diamond_ore":14,"minecraft:crafting_table":2,"minecraft:torch":3,"minecraft:acacia_log":12,"minecraft:grass_block":1,"minecraft:tall_grass":3,"minecraft:deepslate_gold_ore":7,"minecraft:sugar_cane":6,"minecraft:wall_torch":1,"minecraft:hay_block":10,"minecraft:furnace":2,"minecraft:iron_ore":27,"minecraft:deepslate_lapis_ore":3,"minecraft:grass":24,"minecraft:coal_ore":39,"minecraft:dirt":3,"minecraft:acacia_planks":2,"minecraft:stone":24,"minecraft:deepslate":115}},"DataVersion":2975}