{"stats":{"minecraft:dropped":{"minecraft:dirt":39,"minecraft:wheat_seeds":1,"alexsmobs:cockroach_wing_fragment":1,"minecraft:stone_sword":1,"minecraft:leather":2,"minecraft:wooden_pickaxe":1},"minecraft:custom":{"minecraft:time_since_rest":16361,"minecraft:interact_with_furnace":9,"lootr:looted_stat":3,"minecraft:sprint_one_cm":39815,"minecraft:damage_taken":201,"minecraft:walk_one_cm":36286,"minecraft:mob_kills":8,"minecraft:drop":41,"minecraft:damage_dealt":1344,"minecraft:interact_with_crafting_table":5,"minecraft:talked_to_villager":1,"minecraft:fly_one_cm":84442,"minecraft:crouch_one_cm":4996,"minecraft:play_time":16361,"tombstone:undead_killed":2,"minecraft:sneak_time":1521,"minecraft:walk_under_water_one_cm":910,"minecraft:jump":404,"minecraft:leave_game":3,"minecraft:time_since_death":16361,"minecraft:walk_on_water_one_cm":2583,"minecraft:total_world_time":16361,"minecraft:fall_one_cm":13903},"minecraft:killed":{"alexsmobs:cockroach":1,"minecraft:zombie":2,"minecraft:pig":1,"minecraft:spider":1,"minecraft:cow":2},"minecraft:crafted":{"minecraft:cooked_porkchop":2,"minecraft:crafting_table":2,"minecraft:stick":8,"minecraft:wooden_pickaxe":1,"minecraft:stone_pickaxe":1,"minecraft:stone_sword":1,"minecraft:furnace":2,"minecraft:acacia_planks":20,"minecraft:torch":4,"minecraft:stone_axe":1,"minecraft:bread":30,"minecraft:wheat":90},"minecraft:picked_up":{"minecraft:crafting_table":1,"minecraft:raw_iron":27,"minecraft:cooked_beef":15,"minecraft:leather":2,"minecraft:torch":1,"minecraft:acacia_log":10,"minecraft:porkchop":3,"minecraft:dirt":4,"minecraft:acacia_planks":2,"minecraft:wheat_seeds":1,"alexsmobs:cockroach_wing_fragment":1,"minecraft:hay_block":10,"minecraft:beef":2,"minecraft:golden_apple":2,"minecraft:sugar_cane":11,"minecraft:iron_sword":1,"minecraft:coal":38,"minecraft:cobblestone":24,"minecraft:ender_pearl":1},"minecraft:used":{"minecraft:water_bucket":2,"minecraft:stone_sword":45,"minecraft:stone_pickaxe":71,"minecraft:bread":4,"minecraft:wooden_pickaxe":23,"minecraft:iron_sword":4,"farmersdelight:mutton_chops":4,"minecraft:torch":4,"minecraft:stone_axe":9,"minecraft:beef":2,"minecraft:crafting_table":3,"minecraft:furnace":2,"minecraft:bucket":3,"minecraft:acacia_planks":5},"minecraft:mined":{"minecraft:hay_block":10,"minecraft:acacia_leaves":1,"minecraft:iron_ore":27,"minecraft:torch":1,"minecraft:crafting_table":1,"minecraft:grass":24,"minecraft:acacia_log":12,"minecraft:grass_block":1,"minecraft:coal_ore":39,"minecraft:dirt":3,"minecraft:tall_grass":3,"minecraft:acacia_planks":2,"minecraft:stone":24,"minecraft:sugar_cane":6}},"DataVersion":2975}