{"stats":{"minecraft:killed_by":{"minecraft:skeleton":1},"minecraft:dropped":{"alexsmobs:acacia_blossom":1},"minecraft:custom":{"minecraft:time_since_rest":10816,"minecraft:interact_with_furnace":1,"lootr:looted_stat":2,"minecraft:sprint_one_cm":35763,"minecraft:damage_taken":450,"minecraft:walk_one_cm":110039,"minecraft:mob_kills":5,"minecraft:drop":1,"minecraft:damage_dealt":420,"minecraft:interact_with_crafting_table":5,"minecraft:fly_one_cm":103191,"minecraft:crouch_one_cm":1804,"minecraft:play_time":20942,"minecraft:deaths":1,"minecraft:sneak_time":1014,"minecraft:jump":678,"minecraft:leave_game":4,"minecraft:time_since_death":10793,"minecraft:walk_on_water_one_cm":2479,"minecraft:total_world_time":20942,"minecraft:climb_one_cm":6633,"minecraft:fall_one_cm":21244},"minecraft:killed":{"minecraft:sheep":3,"minecraft:cow":1},"minecraft:crafted":{"minecraft:oak_planks":20,"minecraft:crafting_table":1,"minecraft:stick":12,"minecraft:wooden_pickaxe":1,"minecraft:stone_pickaxe":1,"minecraft:wooden_axe":1,"minecraft:furnace":1,"minecraft:acacia_planks":28,"minecraft:stone_axe":1},"minecraft:picked_up":{"minecraft:crafting_table":1,"alexsmobs:acacia_blossom":1,"minecraft:acacia_log":13,"minecraft:oak_log":6,"minecraft:dirt":10,"minecraft:wheat_seeds":2,"minecraft:hay_block":10,"minecraft:oak_sapling":3,"minecraft:mutton":4,"minecraft:coal":10,"minecraft:white_wool":3,"minecraft:cobblestone":19,"minecraft:egg":2},"minecraft:mined":{"minecraft:hay_block":10,"minecraft:crafting_table":1,"minecraft:grass":21,"minecraft:acacia_log":14,"minecraft:coal_ore":10,"minecraft:grass_block":6,"minecraft:oak_log":6,"minecraft:dirt":6,"minecraft:tall_grass":2,"minecraft:stone":19,"minecraft:oak_leaves":9},"minecraft:used":{"minecraft:oak_log":1,"minecraft:wooden_axe":1,"minecraft:stone_pickaxe":25,"minecraft:oak_planks":16,"minecraft:wooden_pickaxe":5,"minecraft:stone_axe":18,"minecraft:mutton":1,"minecraft:crafting_table":2,"minecraft:furnace":1,"tombstone:gift":1,"minecraft:egg":1,"minecraft:acacia_planks":15}},"DataVersion":2975}