{"stats":{"minecraft:killed_by":{"minecraft:skeleton":1},"minecraft:dropped":{"alexsmobs:acacia_blossom":1},"minecraft:custom":{"minecraft:interact_with_furnace":8,"lootr:looted_stat":3,"minecraft:mob_kills":5,"minecraft:interact_with_crafting_table":12,"minecraft:leave_game":7,"minecraft:time_since_death":24760,"minecraft:climb_one_cm":6633,"minecraft:time_since_rest":24783,"minecraft:sprint_one_cm":36476,"minecraft:damage_taken":460,"minecraft:walk_one_cm":138527,"minecraft:drop":1,"minecraft:damage_dealt":420,"minecraft:fly_one_cm":104024,"minecraft:crouch_one_cm":7843,"minecraft:play_time":34909,"minecraft:deaths":1,"minecraft:sneak_time":4385,"minecraft:jump":836,"minecraft:walk_on_water_one_cm":2479,"minecraft:total_world_time":34909,"minecraft:fall_one_cm":21848},"minecraft:broken":{"minecraft:stone_pickaxe":1},"minecraft:killed":{"minecraft:sheep":3,"minecraft:cow":1},"minecraft:crafted":{"minecraft:oak_planks":40,"minecraft:crafting_table":2,"minecraft:wooden_pickaxe":1,"minecraft:furnace":1,"minecraft:stone_axe":1,"minecraft:bread":30,"minecraft:cooked_mutton":3,"minecraft:air":0,"minecraft:stick":16,"minecraft:stone_pickaxe":2,"minecraft:wooden_axe":1,"minecraft:stone_sword":1,"minecraft:acacia_planks":52,"minecraft:torch":8,"minecraft:wheat":90},"minecraft:picked_up":{"byg:soapstone":12,"minecraft:crafting_table":3,"minecraft:andesite":15,"minecraft:smithing_table":1,"alexsmobs:acacia_blossom":1,"minecraft:smoker":1,"minecraft:oak_log":11,"minecraft:dirt":25,"minecraft:raw_copper":5,"minecraft:wheat_seeds":2,"minecraft:egg":2,"minecraft:torch":1,"minecraft:acacia_log":13,"minecraft:gravel":4,"minecraft:diorite":22,"minecraft:hay_block":10,"minecraft:granite":2,"minecraft:oak_sapling":3,"minecraft:mutton":4,"minecraft:coal":10,"minecraft:cobblestone":158,"minecraft:white_wool":3},"minecraft:used":{"minecraft:cooked_mutton":2,"minecraft:stone_pickaxe":231,"minecraft:oak_planks":16,"minecraft:wooden_pickaxe":5,"minecraft:torch":4,"minecraft:mutton":1,"minecraft:crafting_table":5,"minecraft:smoker":1,"minecraft:oak_log":1,"minecraft:wooden_axe":1,"minecraft:bread":1,"minecraft:gravel":4,"minecraft:stone_axe":34,"minecraft:cobblestone":12,"minecraft:furnace":1,"minecraft:andesite":7,"tombstone:gift":1,"minecraft:egg":1,"minecraft:acacia_planks":15},"minecraft:mined":{"minecraft:smithing_table":1,"minecraft:smoker":1,"minecraft:crafting_table":3,"minecraft:torch":1,"minecraft:granite":2,"minecraft:acacia_log":14,"minecraft:grass_block":7,"minecraft:tall_grass":2,"minecraft:copper_ore":1,"minecraft:diorite":22,"minecraft:hay_block":10,"byg:soapstone":12,"minecraft:andesite":15,"minecraft:grass":22,"minecraft:oak_log":11,"minecraft:coal_ore":10,"minecraft:gravel":4,"minecraft:dirt":20,"minecraft:stone":158,"minecraft:oak_leaves":10}},"DataVersion":2975}