{"stats":{"minecraft:crafted":{"minecraft:oak_planks":4},"minecraft:used":{"minecraft:oak_log":1,"minecraft:mutton":1,"minecraft:egg":1},"minecraft:custom":{"minecraft:time_since_rest":8939,"minecraft:crouch_one_cm":90,"minecraft:sprint_one_cm":12657,"minecraft:play_time":8939,"minecraft:damage_taken":270,"minecraft:walk_one_cm":65580,"minecraft:sneak_time":28,"minecraft:mob_kills":1,"minecraft:drop":1,"minecraft:jump":373,"minecraft:damage_dealt":220,"minecraft:leave_game":4,"minecraft:time_since_death":8939,"minecraft:total_world_time":8939,"minecraft:fall_one_cm":11160,"minecraft:fly_one_cm":48335},"minecraft:killed":{"minecraft:sheep":1},"minecraft:mined":{"minecraft:grass":7,"minecraft:grass_block":1,"minecraft:oak_log":2,"minecraft:oak_leaves":4},"minecraft:dropped":{"alexsmobs:acacia_blossom":1},"minecraft:picked_up":{"alexsmobs:acacia_blossom":1,"minecraft:oak_log":2,"minecraft:mutton":1,"minecraft:white_wool":1,"minecraft:egg":1}},"DataVersion":2975}