{"stats":{"minecraft:killed_by":{"minecraft:skeleton":1},"minecraft:dropped":{"alexsmobs:acacia_blossom":1},"minecraft:broken":{"minecraft:stone_pickaxe":1},"minecraft:custom":{"minecraft:time_since_rest":18933,"minecraft:interact_with_furnace":8,"lootr:looted_stat":2,"minecraft:sprint_one_cm":36350,"minecraft:damage_taken":460,"minecraft:walk_one_cm":125800,"minecraft:mob_kills":5,"minecraft:drop":1,"minecraft:damage_dealt":420,"minecraft:interact_with_crafting_table":10,"minecraft:fly_one_cm":103826,"minecraft:crouch_one_cm":6271,"minecraft:play_time":29059,"minecraft:deaths":1,"minecraft:sneak_time":3600,"minecraft:jump":760,"minecraft:leave_game":5,"minecraft:time_since_death":18910,"minecraft:walk_on_water_one_cm":2479,"minecraft:total_world_time":29059,"minecraft:climb_one_cm":6633,"minecraft:fall_one_cm":21579},"minecraft:killed":{"minecraft:sheep":3,"minecraft:cow":1},"minecraft:crafted":{"minecraft:oak_planks":40,"minecraft:crafting_table":1,"minecraft:stick":12,"minecraft:wooden_pickaxe":1,"minecraft:stone_pickaxe":2,"minecraft:wooden_axe":1,"minecraft:furnace":1,"minecraft:acacia_planks":52,"minecraft:torch":4,"minecraft:stone_axe":1,"minecraft:bread":30,"minecraft:wheat":90,"minecraft:air":0,"minecraft:cooked_mutton":3},"minecraft:mined":{"minecraft:hay_block":10,"byg:soapstone":12,"minecraft:andesite":9,"minecraft:crafting_table":3,"minecraft:granite":2,"minecraft:grass":22,"minecraft:acacia_log":14,"minecraft:coal_ore":10,"minecraft:grass_block":7,"minecraft:oak_log":11,"minecraft:gravel":4,"minecraft:dirt":20,"minecraft:tall_grass":2,"minecraft:diorite":22,"minecraft:stone":118,"minecraft:oak_leaves":10},"minecraft:used":{"minecraft:cooked_mutton":2,"minecraft:oak_log":1,"minecraft:wooden_axe":1,"minecraft:bread":1,"minecraft:stone_pickaxe":181,"minecraft:oak_planks":16,"minecraft:wooden_pickaxe":5,"minecraft:gravel":4,"minecraft:torch":3,"minecraft:stone_axe":34,"minecraft:mutton":1,"minecraft:crafting_table":4,"minecraft:furnace":1,"tombstone:gift":1,"minecraft:egg":1,"minecraft:acacia_planks":15},"minecraft:picked_up":{"byg:soapstone":12,"minecraft:crafting_table":3,"minecraft:andesite":9,"alexsmobs:acacia_blossom":1,"minecraft:acacia_log":13,"minecraft:gravel":4,"minecraft:oak_log":11,"minecraft:diorite":22,"minecraft:dirt":25,"minecraft:wheat_seeds":2,"minecraft:hay_block":10,"minecraft:granite":2,"minecraft:oak_sapling":3,"minecraft:mutton":4,"minecraft:coal":10,"minecraft:white_wool":3,"minecraft:cobblestone":118,"minecraft:egg":2}},"DataVersion":2975}