{"stats":{"minecraft:crafted":{"minecraft:oak_planks":4},"minecraft:used":{"minecraft:oak_log":1,"minecraft:mutton":1},"minecraft:custom":{"minecraft:time_since_rest":4455,"minecraft:sprint_one_cm":12657,"minecraft:play_time":4455,"minecraft:damage_taken":270,"minecraft:walk_one_cm":8586,"minecraft:sneak_time":8,"minecraft:mob_kills":1,"minecraft:drop":1,"minecraft:jump":183,"minecraft:damage_dealt":130,"minecraft:leave_game":3,"minecraft:time_since_death":4455,"minecraft:total_world_time":4455,"minecraft:fall_one_cm":8147,"minecraft:fly_one_cm":47330},"minecraft:killed":{"minecraft:sheep":1},"minecraft:mined":{"minecraft:grass":3,"minecraft:oak_log":2,"minecraft:oak_leaves":4},"minecraft:dropped":{"alexsmobs:acacia_blossom":1},"minecraft:picked_up":{"alexsmobs:acacia_blossom":1,"minecraft:oak_log":2,"minecraft:mutton":1,"minecraft:white_wool":1,"minecraft:egg":1}},"DataVersion":2975}