{"stats":{"minecraft:killed_by":{"minecraft:skeleton":1},"minecraft:dropped":{"alexsmobs:acacia_blossom":1},"minecraft:custom":{"minecraft:interact_with_furnace":8,"lootr:looted_stat":3,"minecraft:mob_kills":5,"minecraft:interact_with_crafting_table":12,"minecraft:leave_game":8,"minecraft:time_since_death":33608,"minecraft:climb_one_cm":6633,"minecraft:time_since_rest":33631,"minecraft:sprint_one_cm":39729,"minecraft:damage_taken":635,"minecraft:walk_one_cm":178540,"minecraft:drop":1,"minecraft:damage_dealt":559,"minecraft:fly_one_cm":112546,"minecraft:crouch_one_cm":8145,"minecraft:play_time":43757,"minecraft:deaths":1,"minecraft:sneak_time":4486,"minecraft:jump":1129,"minecraft:walk_on_water_one_cm":2479,"minecraft:interact_with_smoker":1,"minecraft:total_world_time":43757,"minecraft:fall_one_cm":26862},"minecraft:broken":{"minecraft:stone_pickaxe":1},"minecraft:killed":{"minecraft:sheep":3,"minecraft:cow":1},"minecraft:crafted":{"minecraft:oak_planks":40,"minecraft:crafting_table":2,"minecraft:wooden_pickaxe":1,"minecraft:furnace":1,"minecraft:stone_axe":1,"minecraft:bread":30,"minecraft:cooked_mutton":3,"minecraft:air":0,"minecraft:stick":16,"minecraft:stone_pickaxe":2,"minecraft:wooden_axe":1,"minecraft:stone_sword":1,"minecraft:acacia_planks":52,"minecraft:torch":8,"minecraft:wheat":90},"minecraft:picked_up":{"byg:soapstone":12,"minecraft:crafting_table":3,"minecraft:andesite":18,"minecraft:smithing_table":1,"alexsmobs:acacia_blossom":1,"minecraft:smoker":1,"minecraft:oak_log":11,"minecraft:dirt":25,"minecraft:raw_copper":5,"minecraft:wheat_seeds":2,"minecraft:cobbled_deepslate":2,"minecraft:egg":2,"minecraft:raw_iron":10,"minecraft:torch":2,"minecraft:acacia_log":13,"minecraft:gravel":4,"minecraft:diorite":22,"minecraft:hay_block":10,"minecraft:granite":8,"minecraft:oak_sapling":3,"minecraft:mutton":4,"minecraft:coal":10,"minecraft:cobblestone":160,"minecraft:white_wool":3},"minecraft:used":{"minecraft:cooked_mutton":2,"minecraft:stone_sword":5,"minecraft:stone_pickaxe":254,"minecraft:oak_planks":16,"minecraft:wooden_pickaxe":5,"minecraft:torch":6,"minecraft:mutton":1,"minecraft:crafting_table":5,"minecraft:granite":6,"minecraft:smoker":1,"minecraft:oak_log":1,"minecraft:wooden_axe":1,"minecraft:bread":3,"minecraft:gravel":4,"minecraft:stone_axe":34,"minecraft:cobblestone":34,"minecraft:smithing_table":1,"minecraft:furnace":1,"minecraft:andesite":18,"tombstone:gift":1,"minecraft:egg":1,"minecraft:acacia_planks":15},"minecraft:mined":{"minecraft:smithing_table":1,"minecraft:smoker":1,"minecraft:crafting_table":3,"minecraft:torch":1,"minecraft:granite":8,"minecraft:acacia_log":14,"minecraft:grass_block":7,"minecraft:tall_grass":2,"minecraft:copper_ore":1,"minecraft:diorite":22,"minecraft:wall_torch":1,"minecraft:hay_block":10,"byg:soapstone":12,"minecraft:iron_ore":2,"minecraft:andesite":18,"minecraft:grass":22,"minecraft:oak_log":11,"minecraft:coal_ore":10,"minecraft:deepslate_iron_ore":8,"minecraft:gravel":4,"minecraft:dirt":20,"minecraft:stone":160,"minecraft:deepslate":2,"minecraft:oak_leaves":10}},"DataVersion":2975}