{"stats":{"minecraft:dropped":{"minecraft:dirt":2,"minecraft:wheat_seeds":1},"minecraft:broken":{"minecraft:golden_shovel":1},"minecraft:custom":{"minecraft:time_since_rest":1946,"minecraft:interact_with_furnace":7,"lootr:looted_stat":11,"minecraft:sprint_one_cm":54254,"minecraft:damage_taken":275,"minecraft:walk_one_cm":23506,"minecraft:damage_blocked_by_shield":220,"minecraft:mob_kills":16,"minecraft:drop":3,"minecraft:damage_dealt":2178,"minecraft:interact_with_crafting_table":7,"minecraft:swim_one_cm":23474,"minecraft:fly_one_cm":147225,"tombstone:undead_killed":2,"minecraft:crouch_one_cm":4828,"minecraft:play_time":14202,"minecraft:sneak_time":2511,"minecraft:walk_under_water_one_cm":1457,"minecraft:jump":470,"minecraft:time_since_death":14202,"minecraft:walk_on_water_one_cm":2536,"minecraft:sleep_in_bed":1,"minecraft:total_world_time":14202,"minecraft:fall_one_cm":17314},"minecraft:killed":{"minecraft:skeleton":2,"minecraft:sheep":4,"minecraft:donkey":1,"minecraft:pig":2,"alexsmobs:gazelle":5,"alexsmobs:seal":1,"alexsmobs:bison":1},"minecraft:crafted":{"minecraft:oak_planks":72,"minecraft:shield":1,"minecraft:crafting_table":1,"minecraft:stick":8,"minecraft:iron_ingot":2,"minecraft:wooden_pickaxe":1,"minecraft:stone_pickaxe":1,"minecraft:furnace":2,"minecraft:acacia_planks":24,"minecraft:stone_axe":1,"minecraft:air":0,"minecraft:cooked_mutton":4},"minecraft:mined":{"byg:soapstone":1,"minecraft:furnace":2,"minecraft:crafting_table":5,"minecraft:grass":43,"minecraft:acacia_log":3,"minecraft:oak_log":18,"minecraft:grass_block":18,"minecraft:coal_ore":13,"minecraft:dirt":24,"minecraft:tall_grass":7,"minecraft:copper_ore":1,"minecraft:stone":71,"minecraft:orange_bed":3},"minecraft:used":{"minecraft:cooked_mutton":4,"minecraft:bread":2,"minecraft:stone_pickaxe":90,"farmersdelight:golden_knife":7,"minecraft:shield":5,"minecraft:wooden_pickaxe":3,"minecraft:stone_axe":47,"minecraft:fire_charge":1,"minecraft:dirt":43,"minecraft:cobblestone":8,"minecraft:crafting_table":5,"minecraft:furnace":2,"alexsmobs:animal_dictionary":1,"minecraft:golden_shovel":32},"minecraft:picked_up":{"byg:soapstone":1,"minecraft:crafting_table":5,"minecraft:leather":2,"minecraft:acacia_log":6,"minecraft:porkchop":5,"minecraft:oak_log":18,"alexsmobs:gazelle_horn":2,"minecraft:dirt":51,"minecraft:raw_copper":4,"minecraft:orange_bed":3,"minecraft:arrow":3,"minecraft:wheat_seeds":1,"minecraft:black_wool":1,"minecraft:mutton":9,"minecraft:coal":24,"minecraft:white_wool":2,"minecraft:cobblestone":71,"minecraft:furnace":2}},"DataVersion":2975}