{"stats":{"minecraft:dropped":{"minecraft:dirt":1},"minecraft:custom":{"minecraft:time_since_rest":2202,"minecraft:play_time":2202,"minecraft:crouch_one_cm":244,"minecraft:sprint_one_cm":4716,"minecraft:damage_taken":25,"minecraft:walk_one_cm":6606,"minecraft:sneak_time":279,"minecraft:walk_under_water_one_cm":522,"minecraft:drop":1,"minecraft:jump":44,"minecraft:damage_dealt":117,"minecraft:walk_on_water_one_cm":602,"minecraft:time_since_death":2202,"minecraft:total_world_time":2202,"minecraft:swim_one_cm":2389,"minecraft:interact_with_crafting_table":1,"minecraft:fall_one_cm":1521,"minecraft:fly_one_cm":13016},"minecraft:picked_up":{"minecraft:acacia_log":3,"minecraft:oak_log":2,"minecraft:dirt":1},"minecraft:used":{"minecraft:crafting_table":1},"minecraft:crafted":{"minecraft:oak_planks":8,"minecraft:acacia_planks":12,"minecraft:crafting_table":1,"minecraft:stick":4,"minecraft:wooden_pickaxe":1},"minecraft:mined":{"minecraft:grass":13,"minecraft:acacia_log":3,"minecraft:grass_block":2,"minecraft:oak_log":2,"minecraft:tall_grass":4}},"DataVersion":2975}