{"stats":{"minecraft:dropped":{"minecraft:wheat_seeds":1,"minecraft:dirt":2},"minecraft:broken":{"minecraft:golden_shovel":1},"minecraft:custom":{"lootr:looted_stat":12,"minecraft:interact_with_furnace":7,"minecraft:mob_kills":19,"minecraft:interact_with_crafting_table":9,"minecraft:time_since_death":20202,"minecraft:sleep_in_bed":1,"minecraft:time_since_rest":7946,"minecraft:sprint_one_cm":112677,"minecraft:damage_taken":555,"minecraft:walk_one_cm":29852,"minecraft:damage_blocked_by_shield":280,"minecraft:drop":3,"minecraft:damage_dealt":2748,"minecraft:swim_one_cm":25136,"minecraft:fly_one_cm":181431,"minecraft:crouch_one_cm":5338,"minecraft:play_time":20202,"tombstone:undead_killed":5,"minecraft:sneak_time":2689,"minecraft:walk_under_water_one_cm":1846,"minecraft:jump":676,"minecraft:walk_on_water_one_cm":5597,"minecraft:total_world_time":20202,"minecraft:fall_one_cm":23712},"minecraft:killed":{"minecraft:pig":2,"alexsmobs:seal":1,"minecraft:sheep":4,"minecraft:skeleton":5,"minecraft:donkey":1,"alexsmobs:gazelle":5,"alexsmobs:bison":1},"minecraft:mined":{"minecraft:deepslate_diamond_ore":1,"minecraft:crafting_table":6,"minecraft:acacia_log":3,"minecraft:grass_block":18,"minecraft:campfire":1,"minecraft:copper_ore":1,"minecraft:tall_grass":7,"byg:soapstone":1,"minecraft:furnace":2,"minecraft:grass":43,"minecraft:coal_ore":13,"minecraft:oak_log":18,"minecraft:dirt":24,"minecraft:stone":72,"minecraft:deepslate":1,"minecraft:orange_bed":3},"minecraft:crafted":{"minecraft:oak_planks":72,"minecraft:crafting_table":1,"minecraft:wooden_pickaxe":1,"minecraft:furnace":2,"minecraft:stone_axe":1,"minecraft:cooked_mutton":4,"minecraft:air":0,"minecraft:shield":1,"minecraft:stick":8,"minecraft:iron_ingot":2,"minecraft:iron_pickaxe":1,"minecraft:stone_pickaxe":1,"minecraft:acacia_planks":24},"minecraft:used":{"minecraft:cooked_mutton":4,"minecraft:stone_pickaxe":91,"farmersdelight:golden_knife":7,"minecraft:wooden_pickaxe":3,"minecraft:shield":7,"minecraft:dirt":43,"minecraft:crafting_table":6,"minecraft:golden_shovel":32,"minecraft:bread":9,"minecraft:iron_pickaxe":2,"minecraft:stone_axe":56,"minecraft:fire_charge":1,"minecraft:cobblestone":29,"minecraft:furnace":2,"alexsmobs:animal_dictionary":1},"minecraft:picked_up":{"minecraft:charcoal":2,"minecraft:crafting_table":6,"byg:soapstone":1,"minecraft:leather":2,"minecraft:oak_log":18,"alexsmobs:gazelle_horn":2,"minecraft:dirt":51,"minecraft:raw_copper":4,"minecraft:bone":2,"minecraft:wheat_seeds":1,"minecraft:furnace":2,"minecraft:acacia_log":6,"minecraft:porkchop":5,"minecraft:orange_bed":3,"minecraft:arrow":8,"minecraft:diamond":1,"tombstone:magic_scroll":1,"minecraft:black_wool":1,"minecraft:mutton":9,"minecraft:coal":24,"minecraft:white_wool":2,"minecraft:cobblestone":72}},"DataVersion":2975}