{"stats":{"minecraft:dropped":{"byg:biomepedia":1,"minecraft:wheat_seeds":1,"minecraft:raw_copper":4,"minecraft:pointed_dripstone":2,"minecraft:rotten_flesh":10,"minecraft:dirt":2,"minecraft:gunpowder":10,"sophisticatedbackpacks:copper_backpack":2,"minecraft:arrow":12,"minecraft:string":2,"minecraft:bucket":2,"minecraft:redstone":16},"minecraft:broken":{"minecraft:stone_axe":1,"minecraft:golden_shovel":1},"minecraft:custom":{"minecraft:interact_with_furnace":7,"lootr:looted_stat":16,"spartanshields:shield_bash_hits":2,"minecraft:mob_kills":33,"minecraft:interact_with_crafting_table":10,"minecraft:interact_with_campfire":4,"minecraft:leave_game":1,"minecraft:time_since_death":38019,"minecraft:sleep_in_bed":1,"minecraft:time_since_rest":25763,"minecraft:sprint_one_cm":206541,"minecraft:damage_taken":1309,"minecraft:walk_one_cm":76558,"minecraft:damage_blocked_by_shield":900,"minecraft:drop":23,"minecraft:damage_dealt":6263,"minecraft:swim_one_cm":25136,"minecraft:fly_one_cm":229996,"minecraft:play_time":38019,"minecraft:crouch_one_cm":9904,"tombstone:undead_killed":16,"minecraft:sneak_time":4039,"minecraft:walk_under_water_one_cm":1846,"minecraft:jump":1070,"minecraft:walk_on_water_one_cm":6849,"minecraft:total_world_time":38019,"minecraft:fall_one_cm":32359},"minecraft:killed":{"minecraft:pig":2,"alexsmobs:seal":1,"minecraft:spider":2,"minecraft:sheep":4,"minecraft:skeleton":12,"minecraft:donkey":1,"minecraft:zombie":4,"alexsmobs:gazelle":5,"alexsmobs:bison":1,"artifacts:mimic":2},"minecraft:crafted":{"minecraft:oak_planks":72,"minecraft:crafting_table":1,"minecraft:wooden_pickaxe":1,"minecraft:furnace":2,"minecraft:stone_axe":1,"minecraft:cooked_mutton":4,"minecraft:air":0,"minecraft:shield":1,"minecraft:stick":8,"minecraft:iron_ingot":2,"minecraft:iron_pickaxe":1,"minecraft:stone_pickaxe":1,"minecraft:acacia_planks":24},"minecraft:mined":{"minecraft:tuff":9,"minecraft:deepslate_diamond_ore":5,"minecraft:crafting_table":6,"minecraft:acacia_log":3,"minecraft:grass_block":18,"minecraft:campfire":1,"minecraft:tall_grass":7,"minecraft:copper_ore":1,"minecraft:cobblestone":1,"byg:soapstone":1,"minecraft:furnace":2,"minecraft:cobbled_deepslate":1,"minecraft:grass":43,"minecraft:pointed_dripstone":4,"minecraft:oak_log":18,"minecraft:coal_ore":13,"minecraft:rail":1,"minecraft:dripstone_block":9,"minecraft:dirt":24,"minecraft:stone":72,"minecraft:deepslate":55,"minecraft:orange_bed":3},"minecraft:picked_up":{"minecraft:charcoal":2,"minecraft:crafting_table":6,"byg:soapstone":1,"minecraft:leather":2,"minecraft:enchanted_book":1,"minecraft:tuff":9,"minecraft:oak_log":18,"minecraft:gunpowder":5,"alexsmobs:gazelle_horn":2,"minecraft:dirt":51,"minecraft:string":3,"minecraft:raw_copper":4,"minecraft:cooked_mutton":4,"minecraft:bone":11,"minecraft:wheat_seeds":1,"minecraft:cobbled_deepslate":58,"minecraft:bucket":2,"artifacts:antidote_vessel":1,"minecraft:furnace":2,"minecraft:acacia_log":6,"minecraft:dripstone_block":9,"minecraft:porkchop":5,"minecraft:pointed_dripstone":11,"tombstone:grave_dust":1,"minecraft:redstone":8,"artifacts:plastic_drinking_hat":1,"minecraft:bundle":1,"minecraft:orange_bed":3,"byg:biomepedia":1,"minecraft:arrow":19,"minecraft:rotten_flesh":10,"minecraft:diamond":5,"sophisticatedbackpacks:copper_backpack":3,"tombstone:magic_scroll":1,"minecraft:black_wool":1,"minecraft:white_wool":2,"minecraft:mutton":9,"minecraft:coal":24,"minecraft:rail":1,"minecraft:cobblestone":73},"minecraft:used":{"farmersdelight:iron_knife":67,"minecraft:cooked_mutton":7,"minecraft:stone_pickaxe":91,"minecraft:oak_planks":2,"farmersdelight:golden_knife":7,"minecraft:wooden_pickaxe":3,"minecraft:shield":31,"minecraft:dirt":43,"minecraft:crafting_table":6,"minecraft:golden_shovel":32,"minecraft:bread":20,"minecraft:iron_pickaxe":85,"minecraft:fire_charge":1,"minecraft:stone_axe":82,"minecraft:cobblestone":51,"minecraft:furnace":2,"tombstone:gift":1,"alexsmobs:animal_dictionary":1,"minecraft:cobbled_deepslate":32,"minecraft:acacia_planks":13,"minecraft:pointed_dripstone":3}},"DataVersion":2975}