{"stats":{"minecraft:dropped":{"structurize:sceptergold":1},"minecraft:custom":{"minecraft:time_since_rest":153682,"minecraft:open_chest":3,"minecraft:crouch_one_cm":1252,"minecraft:sprint_one_cm":49735,"minecraft:play_time":153682,"tombstone:undead_killed":2,"minecraft:walk_one_cm":73123,"minecraft:sneak_time":1454,"minecraft:walk_under_water_one_cm":229,"minecraft:mob_kills":3,"minecraft:drop":1,"minecraft:jump":481,"minecraft:damage_dealt":494,"minecraft:leave_game":2,"minecraft:walk_on_water_one_cm":225,"minecraft:time_since_death":153682,"minecraft:total_world_time":153682,"minecraft:swim_one_cm":795,"minecraft:fly_one_cm":451627,"minecraft:fall_one_cm":1045},"minecraft:killed":{"minecraft:sheep":1,"minecraft:skeleton":1,"minecraft:zombie_villager":1},"minecraft:used":{"supplementaries:bomb_blue":3,"minecraft:netherite_sword":1,"minecraft:grass_block":174,"minecolonies:resourcescroll":1},"minecraft:picked_up":{"minecraft:item_frame":1,"minecraft:arrow":2,"minecraft:bone":1,"minecraft:rotten_flesh":1,"minecraft:wheat_seeds":1,"minecraft:oak_log":64,"minecraft:mutton":2,"minecraft:string":2,"minecraft:white_wool":1}},"DataVersion":2975}