{"stats":{"minecraft:dropped":{"structurize:sceptergold":1},"minecraft:custom":{"minecraft:time_since_rest":162992,"lootr:looted_stat":2,"minecraft:sprint_one_cm":82413,"minecraft:damage_taken":10,"minecraft:walk_one_cm":93982,"minecraft:mob_kills":3,"minecraft:drop":1,"minecraft:damage_dealt":494,"minecraft:swim_one_cm":795,"minecraft:interact_with_crafting_table":6,"minecraft:fly_one_cm":485029,"minecraft:open_chest":3,"minecraft:crouch_one_cm":1428,"minecraft:play_time":162992,"tombstone:undead_killed":2,"minecraft:sneak_time":1477,"minecraft:walk_under_water_one_cm":229,"minecraft:jump":644,"minecraft:leave_game":3,"minecraft:walk_on_water_one_cm":2457,"minecraft:time_since_death":162992,"minecraft:total_world_time":162992,"minecraft:fall_one_cm":4695},"minecraft:killed":{"minecraft:sheep":1,"minecraft:skeleton":1,"minecraft:zombie_villager":1},"minecraft:crafted":{"minecraft:crafting_table":1,"minecraft:stick":8,"minecraft:stone_pickaxe":1,"minecraft:wooden_pickaxe":1,"minecraft:acacia_planks":32,"minecraft:torch":8,"minecraft:stone_axe":1,"minecraft:bread":4},"minecraft:mined":{"minecraft:acacia_leaves":2,"minecraft:red_bed":1,"minecraft:wheat":19,"minecraft:crafting_table":1,"minecraft:grass":1,"minecraft:acacia_log":8,"minecraft:coal_ore":12,"minecraft:copper_ore":1,"minecraft:stone":125,"minecraft:wall_torch":1},"minecraft:picked_up":{"minecraft:crafting_table":1,"minecraft:wheat":16,"minecraft:torch":1,"minecraft:acacia_log":8,"minecraft:oak_log":64,"minecraft:string":2,"minecraft:red_bed":1,"minecraft:raw_copper":5,"minecraft:item_frame":1,"minecraft:bone":1,"minecraft:arrow":2,"minecraft:rotten_flesh":1,"minecraft:wheat_seeds":49,"minecraft:mutton":2,"minecraft:coal":12,"minecraft:white_wool":1,"minecraft:cobblestone":125},"minecraft:used":{"minecraft:wheat_seeds":16,"minecraft:netherite_sword":1,"minecraft:grass_block":174,"minecraft:stone_pickaxe":95,"minecraft:wooden_pickaxe":44,"minecolonies:resourcescroll":1,"minecraft:stone_axe":1,"supplementaries:bomb_blue":3,"minecraft:torch":1,"minecraft:cobblestone":7,"minecraft:crafting_table":1}},"DataVersion":2975}