{"stats":{"minecraft:picked_up":{"minecraft:feather":11,"minecraft:birch_slab":64,"minecraft:golden_pickaxe":9,"minecraft:birch_button":1,"minecraft:golden_shovel":7,"minecolonies:scepterpermission":1,"minecraft:orange_terracotta":385,"minecraft:item_frame":2,"minecraft:wheat_seeds":19,"minecraft:cobblestone_slab":64,"minecraft:oak_planks":64,"mowziesmobs:umvuthana_mask_misery":1,"minecraft:torch":1,"minecraft:golden_axe":1,"structurize:sceptergold":1,"minecraft:dark_oak_fence_gate":1,"minecraft:dark_oak_planks":128,"minecraft:rotten_flesh":3,"mowziesmobs:umvuthana_mask_bliss":1,"mowziesmobs:umvuthana_mask_fear":1,"minecraft:acacia_slab":128,"minecraft:cobblestone":68,"minecraft:diamond_pickaxe":1},"minecraft:dropped":{"minecraft:oak_door":2,"minecraft:furnace":2,"minecraft:oak_slab":128,"minecraft:acacia_wood":64,"minecraft:dark_oak_stairs":64,"minecraft:wheat_seeds":3,"minecraft:cooked_beef":20,"minecraft:coarse_dirt":64,"minecraft:golden_pickaxe":17,"minecraft:bookshelf":128,"minecraft:oak_fence":128,"minecraft:golden_axe":4,"minecraft:cobblestone":448,"minecraft:rotten_flesh":1,"minecraft:oak_planks":128,"minecraft:netherite_shovel":1,"domum_ornamentum:vanilla_trapdoors_compat":1,"minecraft:stone_slab":64,"minecraft:golden_shovel":14,"minecraft:spruce_door":1,"minecraft:shears":1,"minecraft:dark_oak_fence_gate":257,"minecraft:birch_slab":128,"minecolonies:scepterpermission":1,"minecraft:oak_fence_gate":3,"minecraft:dirt":256,"minecraft:cobblestone_slab":128,"minecolonies:blockminecoloniesrack":64,"minecraft:dark_oak_fence":128,"minecraft:orange_terracotta":449,"minecraft:diamond_pickaxe":1,"minecraft:acacia_slab":192,"minecraft:stone_brick_wall":64,"minecraft:oak_stairs":64,"minecraft:acacia_door":64,"minecraft:dark_oak_planks":384,"minecraft:acacia_fence":64,"minecraft:white_wool":64},"minecraft:used":{"minecraft:water_bucket":27,"minecraft:iron_ore":28,"minecraft:dirt_path":21,"minecraft:carved_pumpkin":5,"minecraft:acacia_trapdoor":3,"minecraft:chest":2,"minecraft:stone":6,"lootr:trophy":11,"minecolonies:mummyegg":4,"minecraft:oak_leaves":1,"minecraft:dirt":119,"minecraft:white_bed":1,"minecraft:acacia_leaves":1,"minecolonies:blockminecoloniesrack":10,"minecolonies:piratecaptainegg":7,"minecolonies:scepterpermission":1,"minecraft:acacia_stairs":1,"minecraft:iron_block":21,"minecraft:grass_block":388,"minecraft:oak_stairs":28,"structurize:sceptersteel":1,"minecolonies:mummyarcheregg":7,"minecolonies:blockconstructiontape":4,"minecraft:cobblestone":5,"minecolonies:santa_hat":1},"minecraft:custom":{"minecraft:interact_with_furnace":3,"minecraft:mob_kills":24,"tombstone:raider_killed":2,"minecraft:interact_with_crafting_table":1,"minecraft:open_barrel":2,"minecraft:damage_dealt_resisted":171,"minecraft:leave_game":6,"minecraft:time_since_death":310143,"minecraft:time_since_rest":310176,"minecraft:sprint_one_cm":183030,"minecraft:damage_taken":285,"minecraft:walk_one_cm":772702,"minecraft:drop":426,"minecraft:damage_dealt":2262,"minecraft:swim_one_cm":2663,"minecraft:fly_one_cm":2052366,"minecraft:open_chest":15,"minecraft:crouch_one_cm":112,"minecraft:play_time":311893,"tombstone:undead_killed":3,"minecraft:deaths":1,"minecraft:sneak_time":331,"minecraft:walk_under_water_one_cm":5215,"minecraft:jump":1761,"minecraft:walk_on_water_one_cm":7026,"minecraft:total_world_time":311893,"minecraft:fall_one_cm":1703},"minecraft:killed":{"minecraft:spider":1,"mowziesmobs:umvuthana_follower_raptor":16,"minecraft:phantom":2,"minecraft:zombie":1,"mowziesmobs:umvuthana_raptor":3}},"DataVersion":2975}