{"stats":{"minecraft:picked_up":{"minecraft:feather":5,"minecraft:birch_slab":64,"minecraft:golden_pickaxe":6,"minecraft:birch_button":1,"minecraft:golden_shovel":5,"minecolonies:scepterpermission":1,"minecraft:orange_terracotta":385,"minecraft:item_frame":2,"minecraft:wheat_seeds":19,"minecraft:cobblestone_slab":64,"minecraft:torch":1,"structurize:sceptergold":1,"minecraft:dark_oak_fence_gate":1,"minecraft:dark_oak_planks":128,"minecraft:rotten_flesh":3,"mowziesmobs:umvuthana_mask_bliss":1,"minecraft:acacia_slab":128,"minecraft:diamond_pickaxe":1},"minecraft:dropped":{"minecraft:oak_door":2,"minecraft:furnace":1,"minecraft:oak_slab":64,"minecraft:acacia_wood":64,"minecraft:dark_oak_stairs":64,"minecraft:wheat_seeds":3,"minecraft:cooked_beef":20,"minecraft:coarse_dirt":64,"minecraft:golden_pickaxe":13,"minecraft:bookshelf":64,"minecraft:oak_fence":64,"minecraft:cobblestone":64,"minecraft:rotten_flesh":1,"minecraft:netherite_shovel":1,"domum_ornamentum:vanilla_trapdoors_compat":1,"minecraft:stone_slab":64,"minecraft:golden_shovel":10,"minecraft:spruce_door":1,"minecraft:dark_oak_fence_gate":257,"minecraft:birch_slab":128,"minecolonies:scepterpermission":1,"minecraft:cobblestone_slab":128,"minecolonies:blockminecoloniesrack":64,"minecraft:dark_oak_fence":128,"minecraft:orange_terracotta":449,"minecraft:diamond_pickaxe":1,"minecraft:acacia_slab":192,"minecraft:stone_brick_wall":64,"minecraft:acacia_door":64,"minecraft:dark_oak_planks":384,"minecraft:acacia_fence":64,"minecraft:white_wool":64},"minecraft:used":{"minecraft:water_bucket":27,"minecraft:iron_ore":28,"minecraft:dirt_path":21,"minecraft:acacia_trapdoor":3,"minecraft:chest":1,"minecraft:stone":6,"lootr:trophy":11,"minecolonies:mummyegg":4,"minecraft:oak_leaves":1,"minecraft:dirt":88,"minecraft:acacia_leaves":1,"minecolonies:blockminecoloniesrack":10,"minecolonies:piratecaptainegg":7,"minecolonies:scepterpermission":1,"minecraft:acacia_stairs":1,"minecraft:grass_block":388,"minecraft:oak_stairs":28,"structurize:sceptersteel":1,"minecolonies:mummyarcheregg":7,"minecolonies:blockconstructiontape":4,"minecraft:cobblestone":2,"minecolonies:santa_hat":1},"minecraft:custom":{"minecraft:interact_with_furnace":2,"minecraft:mob_kills":6,"tombstone:raider_killed":2,"minecraft:interact_with_crafting_table":1,"minecraft:open_barrel":2,"minecraft:leave_game":6,"minecraft:time_since_death":274143,"minecraft:time_since_rest":274176,"minecraft:sprint_one_cm":159697,"minecraft:damage_taken":285,"minecraft:walk_one_cm":636703,"minecraft:drop":393,"minecraft:damage_dealt":681,"minecraft:swim_one_cm":2663,"minecraft:fly_one_cm":1795046,"minecraft:open_chest":11,"minecraft:crouch_one_cm":112,"minecraft:play_time":275893,"tombstone:undead_killed":3,"minecraft:deaths":1,"minecraft:sneak_time":330,"minecraft:walk_under_water_one_cm":5215,"minecraft:jump":1556,"minecraft:walk_on_water_one_cm":7026,"minecraft:total_world_time":275893,"minecraft:fall_one_cm":1703},"minecraft:killed":{"mowziesmobs:umvuthana_follower_raptor":2,"minecraft:phantom":2,"minecraft:zombie":1}},"DataVersion":2975}