{"stats":{"minecraft:dropped":{"alexsmobs:fedora":3,"minecraft:iron_sword":4,"minecraft:oak_slab":128,"minecraft:acacia_wood":64,"minecraft:dark_oak_stairs":64,"minecraft:wheat_seeds":3,"minecraft:diamond_axe":2,"minecraft:cooked_beef":81,"minecraft:oak_log":193,"minecraft:golden_pickaxe":17,"minecraft:ender_pearl":4,"minecraft:bookshelf":128,"minecraft:oak_fence":128,"minecraft:golden_axe":4,"minecraft:cobblestone":448,"minecraft:leather":2,"domum_ornamentum:vanilla_trapdoors_compat":1,"minecraft:spruce_door":1,"alexsmobs:flying_fish_boots":1,"minecraft:birch_slab":128,"minecraft:golden_apple":8,"minecraft:dirt":256,"minecolonies:blockminecoloniesrack":64,"minecraft:dark_oak_fence":128,"minecraft:wooden_axe":1,"minecraft:oak_stairs":64,"alexsmobs:emu_leggings":6,"minecraft:acacia_door":64,"minecraft:dark_oak_planks":384,"minecraft:white_wool":64,"minecraft:oak_door":2,"minecraft:furnace":2,"minecraft:coarse_dirt":64,"minecraft:diamond_hoe":2,"minecraft:rotten_flesh":1,"minecraft:oak_planks":128,"minecraft:diamond_shovel":2,"minecraft:netherite_shovel":1,"minecraft:stone_slab":64,"minecraft:golden_shovel":14,"minecolonies:plate_armor_legs":1,"minecraft:shears":3,"minecraft:dark_oak_fence_gate":257,"minecolonies:scepterpermission":1,"minecraft:oak_fence_gate":3,"minecraft:cobblestone_slab":128,"minecraft:orange_terracotta":449,"minecraft:diamond_pickaxe":3,"minecraft:acacia_slab":192,"minecraft:stone_brick_wall":64,"alexsmobs:tarantula_hawk_elytra":1,"minecraft:acacia_fence":64},"minecraft:custom":{"minecraft:mob_kills":40,"minecraft:interact_with_crafting_table":6,"minecraft:open_barrel":10,"minecraft:damage_dealt_resisted":207,"minecraft:leave_game":16,"minecraft:time_since_death":509726,"minecraft:climb_one_cm":1328,"minecraft:sprint_one_cm":279780,"minecraft:walk_one_cm":1240934,"minecraft:drop":517,"minecraft:play_time":511476,"minecraft:deaths":1,"minecraft:sneak_time":556,"minecraft:walk_under_water_one_cm":7610,"minecraft:jump":2751,"minecraft:walk_on_water_one_cm":12893,"minecraft:total_world_time":511476,"minecraft:interact_with_furnace":9,"tombstone:raider_killed":2,"minecraft:time_since_rest":509759,"minecraft:waystone_activated":3,"minecraft:damage_taken":690,"minecraft:damage_dealt":4959,"minecraft:swim_one_cm":4332,"minecraft:fly_one_cm":3225856,"minecraft:player_kills":2,"minecraft:open_chest":29,"minecraft:crouch_one_cm":960,"tombstone:undead_killed":5,"minecraft:fall_one_cm":9894},"minecraft:killed":{"minecraft:spider":2,"minecraft:phantom":2,"minecraft:pig":3,"mowziesmobs:umvuthana_follower_raptor":20,"minecraft:creeper":1,"minecraft:sheep":1,"minecraft:zombie":3,"alexsmobs:elephant":1,"mowziesmobs:umvuthana_raptor":4,"minecraft:cow":2},"minecraft:crafted":{"minecraft:furnace":1,"minecraft:stone_pickaxe":1,"minecraft:cooked_beef":4,"minecraft:crafting_table":2,"minecraft:wooden_pickaxe":1,"minecraft:stone_axe":1,"minecraft:stick":12,"minecraft:wooden_axe":1,"minecraft:acacia_planks":28},"minecraft:mined":{"minecraft:acacia_log":7,"minecraft:grass_block":2,"minecraft:furnace":1,"minecraft:deepslate_iron_ore":6,"minecraft:stone":41,"minecraft:acacia_leaves":1,"minecraft:crafting_table":2,"minecraft:grass":4,"minecraft:oak_log":3,"minecraft:oak_leaves":1},"minecraft:picked_up":{"minecraft:crafting_table":2,"minecraft:golden_pickaxe":9,"alexsmobs:emu_leggings":5,"minecraft:golden_shovel":7,"minecraft:birch_button":1,"minecraft:item_frame":2,"minecraft:birch_fence":17,"minecraft:gold_nugget":8,"minecraft:beef":5,"minecraft:cobblestone_slab":64,"minecraft:poppy":1,"minecraft:diamond_hoe":2,"minecraft:furnace":1,"minecraft:raw_iron":6,"minecraft:stick":2,"minecraft:porkchop":7,"minecraft:torch":2,"byg:anthracite":8,"minecraft:acacia_log":8,"alexsmobs:fedora":2,"minecraft:golden_axe":1,"supplementaries:hanging_sign_birch":2,"structurize:sceptergold":1,"tombstone:grave_dust":1,"byg:brimstone":888,"minecraft:dark_oak_planks":128,"minecraft:rotten_flesh":5,"minecraft:shears":2,"mowziesmobs:umvuthana_mask_bliss":1,"byg:blue_netherrack":13,"minecraft:mutton":2,"minecraft:white_wool":2,"minecraft:cobblestone":411,"minecraft:stripped_oak_log":8,"minecraft:cooked_beef":31,"minecraft:feather":12,"minecraft:birch_slab":64,"minecraft:leather":4,"minecraft:flint":1,"minecraft:oak_log":3,"alexsmobs:cooked_kangaroo_meat":10,"minecraft:gunpowder":2,"minecolonies:scepterpermission":1,"minecraft:dirt":165,"minecraft:orange_terracotta":385,"minecraft:acacia_planks":1,"minecraft:wheat_seeds":20,"mowziesmobs:umvuthana_mask_misery":2,"minecraft:iron_sword":2,"minecraft:acacia_sapling":2,"minecraft:oak_planks":100,"minecraft:dark_oak_fence_gate":1,"minecraft:spruce_door":1,"minecraft:quartz_bricks":4,"minecraft:diamond_shovel":2,"minecraft:diamond_axe":2,"minecraft:grass":24,"minecraft:golden_apple":4,"mowziesmobs:umvuthana_mask_fear":1,"minecraft:acacia_slab":128,"minecraft:coal":1,"minecraft:oak_leaves":10,"minecraft:diamond_pickaxe":3,"minecraft:ender_pearl":2},"minecraft:used":{"securitycraft:secret_crimson_sign_item":1,"securitycraft:secret_warped_sign_item":5,"minecraft:flint_and_steel":15,"minecraft:carved_pumpkin":5,"byg:embur_nylium":7,"minecraft:redstone":9,"waystones:black_sharestone":1,"minecraft:chest":10,"minecraft:stone":11,"lootr:trophy":11,"minecraft:dirt":200,"supplementaries:hanging_sign_birch":4,"supplementaries:hanging_sign_oak":3,"minecraft:obsidian":31,"waystones:portstone":1,"minecraft:wooden_axe":18,"paraglider:horned_statue":1,"minecraft:sea_lantern":18,"minecraft:lava_bucket":7,"minecraft:lantern":31,"minecraft:iron_block":21,"minecraft:grass_block":430,"minecraft:oak_stairs":28,"structurize:sceptersteel":1,"paraglider:goron_goddess_statue":4,"minecraft:netherite_hoe":111,"minecolonies:blockconstructiontape":4,"waystones:orange_sharestone":3,"minecolonies:scepterguard":2,"minecraft:hay_block":12,"minecraft:furnace":2,"supplementaries:statue":10,"minecraft:cooked_beef":4,"minecraft:wheat_seeds":94,"minecraft:quartz_bricks":186,"minecraft:water_bucket":65,"byg:blue_enchanted_fence_gate":1,"minecraft:iron_ore":28,"minecraft:cow_spawn_egg":21,"byg:brimstone":28,"minecraft:dirt_path":82,"minecraft:stone_pickaxe":26,"minecraft:acacia_trapdoor":3,"minecraft:oak_planks":1,"minecraft:wooden_pickaxe":22,"minecraft:glow_ink_sac":2,"minecolonies:mummyegg":4,"minecraft:oak_leaves":13,"minecraft:tnt":19,"minecraft:crafting_table":3,"minecolonies:blockminecoloniesrack":10,"minecraft:acacia_leaves":1,"minecolonies:piratecaptainegg":7,"minecraft:blue_ice":74,"minecraft:white_bed":1,"minecraft:chiseled_quartz_block":41,"minecolonies:scepterpermission":1,"minecraft:oak_log":3,"waystones:waystone":2,"minecraft:acacia_stairs":1,"minecraft:crying_obsidian":8,"waystones:mossy_waystone":1,"minecolonies:mummyarcheregg":7,"cataclysm:altar_of_fire":1,"minecraft:stone_axe":9,"cataclysm:chorus_fence":67,"farmersdelight:straw_bale":1,"minecraft:cobblestone":8,"minecolonies:santa_hat":1,"minecraft:exposed_cut_copper":6,"minecraft:dark_oak_fence":53,"minecraft:smooth_stone_slab":19,"minecraft:bone_meal":242}},"DataVersion":2975}