{"stats":{"minecraft:dropped":{"minecraft:oak_door":2,"minecraft:furnace":2,"minecraft:oak_slab":128,"minecraft:acacia_wood":64,"minecraft:dark_oak_stairs":64,"minecraft:wheat_seeds":3,"minecraft:diamond_axe":2,"minecraft:cooked_beef":20,"minecraft:oak_log":192,"minecraft:coarse_dirt":64,"minecraft:golden_pickaxe":17,"minecraft:bookshelf":128,"minecraft:diamond_hoe":2,"minecraft:oak_fence":128,"minecraft:golden_axe":4,"minecraft:cobblestone":448,"minecraft:rotten_flesh":1,"minecraft:oak_planks":128,"minecraft:diamond_shovel":2,"minecraft:netherite_shovel":1,"domum_ornamentum:vanilla_trapdoors_compat":1,"minecraft:stone_slab":64,"minecraft:golden_shovel":14,"minecraft:spruce_door":1,"minecolonies:plate_armor_legs":1,"alexsmobs:flying_fish_boots":1,"minecraft:shears":3,"minecraft:dark_oak_fence_gate":257,"minecraft:birch_slab":128,"minecolonies:scepterpermission":1,"minecraft:oak_fence_gate":3,"minecraft:dirt":256,"minecraft:cobblestone_slab":128,"minecolonies:blockminecoloniesrack":64,"minecraft:dark_oak_fence":128,"minecraft:orange_terracotta":449,"minecraft:diamond_pickaxe":3,"minecraft:acacia_slab":192,"minecraft:stone_brick_wall":64,"minecraft:oak_stairs":64,"alexsmobs:tarantula_hawk_elytra":1,"alexsmobs:emu_leggings":6,"minecraft:acacia_door":64,"minecraft:dark_oak_planks":384,"minecraft:acacia_fence":64,"minecraft:white_wool":64,"alexsmobs:fedora":3},"minecraft:custom":{"minecraft:interact_with_furnace":3,"minecraft:mob_kills":30,"tombstone:raider_killed":2,"minecraft:interact_with_crafting_table":1,"minecraft:open_barrel":10,"minecraft:damage_dealt_resisted":207,"minecraft:leave_game":8,"minecraft:time_since_death":439221,"minecraft:climb_one_cm":1328,"minecraft:time_since_rest":439254,"minecraft:waystone_activated":3,"minecraft:sprint_one_cm":246705,"minecraft:damage_taken":285,"minecraft:walk_one_cm":1064485,"minecraft:drop":451,"minecraft:damage_dealt":3338,"minecraft:swim_one_cm":4332,"minecraft:fly_one_cm":2948407,"minecraft:open_chest":29,"minecraft:crouch_one_cm":201,"minecraft:play_time":440971,"tombstone:undead_killed":3,"minecraft:deaths":1,"minecraft:sneak_time":425,"minecraft:walk_under_water_one_cm":7610,"minecraft:jump":2340,"minecraft:walk_on_water_one_cm":11283,"minecraft:total_world_time":440971,"minecraft:fall_one_cm":1703},"minecraft:killed":{"minecraft:spider":1,"mowziesmobs:umvuthana_follower_raptor":20,"minecraft:phantom":2,"minecraft:zombie":1,"alexsmobs:elephant":1,"mowziesmobs:umvuthana_raptor":4},"minecraft:used":{"minecraft:wheat_seeds":94,"byg:brimstone":16,"minecraft:iron_ore":28,"minecraft:water_bucket":65,"byg:blue_enchanted_fence_gate":1,"minecraft:dirt_path":82,"minecraft:cow_spawn_egg":21,"securitycraft:secret_warped_sign_item":3,"minecraft:flint_and_steel":13,"minecraft:acacia_trapdoor":3,"minecraft:carved_pumpkin":5,"byg:embur_nylium":7,"minecraft:oak_planks":1,"waystones:black_sharestone":1,"minecraft:chest":10,"minecraft:stone":11,"lootr:trophy":11,"minecolonies:mummyegg":4,"minecraft:oak_leaves":13,"supplementaries:hanging_sign_birch":4,"minecraft:dirt":188,"minecraft:tnt":17,"supplementaries:hanging_sign_oak":3,"minecraft:blue_ice":74,"minecraft:white_bed":1,"minecolonies:piratecaptainegg":7,"minecraft:acacia_leaves":1,"minecolonies:blockminecoloniesrack":10,"minecraft:chiseled_quartz_block":12,"minecolonies:scepterpermission":1,"minecraft:obsidian":31,"waystones:waystone":2,"minecraft:sea_lantern":18,"minecraft:acacia_stairs":1,"minecraft:crying_obsidian":8,"waystones:mossy_waystone":1,"minecraft:iron_block":21,"minecraft:lantern":31,"minecraft:oak_stairs":28,"minecraft:grass_block":427,"structurize:sceptersteel":1,"minecraft:netherite_hoe":111,"minecolonies:mummyarcheregg":7,"minecolonies:blockconstructiontape":4,"minecolonies:scepterguard":2,"cataclysm:chorus_fence":67,"farmersdelight:straw_bale":1,"minecraft:cobblestone":5,"minecolonies:santa_hat":1,"minecraft:hay_block":12,"minecraft:dark_oak_fence":53,"minecraft:smooth_stone_slab":19,"minecraft:bone_meal":242},"minecraft:picked_up":{"minecraft:stripped_oak_log":8,"minecraft:feather":12,"minecraft:birch_slab":64,"minecraft:golden_pickaxe":9,"alexsmobs:emu_leggings":5,"minecraft:golden_shovel":7,"minecraft:birch_button":1,"alexsmobs:cooked_kangaroo_meat":10,"minecolonies:scepterpermission":1,"minecraft:dirt":156,"minecraft:orange_terracotta":385,"minecraft:item_frame":2,"minecraft:birch_fence":17,"minecraft:wheat_seeds":20,"minecraft:cobblestone_slab":64,"minecraft:poppy":1,"minecraft:acacia_sapling":2,"minecraft:oak_planks":100,"mowziesmobs:umvuthana_mask_misery":2,"minecraft:diamond_hoe":2,"byg:anthracite":8,"minecraft:torch":2,"alexsmobs:fedora":2,"minecraft:golden_axe":1,"supplementaries:hanging_sign_birch":2,"structurize:sceptergold":1,"byg:brimstone":683,"minecraft:dark_oak_fence_gate":1,"minecraft:spruce_door":1,"minecraft:dark_oak_planks":128,"minecraft:diamond_shovel":2,"minecraft:rotten_flesh":5,"minecraft:shears":2,"byg:blue_netherrack":13,"minecraft:diamond_axe":2,"minecraft:grass":24,"mowziesmobs:umvuthana_mask_bliss":1,"mowziesmobs:umvuthana_mask_fear":1,"minecraft:acacia_slab":128,"minecraft:oak_leaves":10,"minecraft:white_wool":1,"minecraft:cobblestone":366,"minecraft:diamond_pickaxe":3}},"DataVersion":2975}