{"stats":{"minecraft:mined":{"minecraft:grass":2,"minecraft:tall_grass":3},"minecraft:killed":{"minecraft:cow":1,"minecraft:zombie":1},"minecraft:picked_up":{"minecraft:beef":1,"minecraft:leather":2},"minecraft:custom":{"minecraft:jump":79,"minecraft:time_since_rest":3990,"minecraft:leave_game":1,"minecraft:damage_dealt":332,"minecraft:crouch_one_cm":210,"tombstone:undead_killed":1,"minecraft:sprint_one_cm":1100,"minecraft:play_time":3990,"minecraft:damage_taken":150,"minecraft:time_since_death":3990,"minecraft:walk_one_cm":15978,"minecraft:sneak_time":45,"minecraft:total_world_time":3990,"minecraft:mob_kills":2,"minecraft:fall_one_cm":476,"minecraft:fly_one_cm":973}},"DataVersion":2975}