{"stats":{"minecraft:custom":{"minecraft:jump":21,"minecraft:time_since_rest":562,"minecraft:damage_dealt":88,"minecraft:leave_game":1,"minecraft:damage_taken":50,"minecraft:sprint_one_cm":1721,"minecraft:play_time":562,"minecraft:walk_on_water_one_cm":234,"minecraft:time_since_death":562,"minecraft:walk_one_cm":4394,"minecraft:total_world_time":562,"minecraft:walk_under_water_one_cm":322,"minecraft:fall_one_cm":1010,"minecraft:fly_one_cm":5036},"minecraft:mined":{"minecraft:grass":2},"minecraft:picked_up":{"minecraft:wheat_seeds":1}},"DataVersion":2975}