{"stats":{"minecraft:killed_by":{"minecraft:zombie":1},"minecraft:dropped":{"minecraft:mutton":1},"minecraft:custom":{"minecraft:time_since_rest":1456,"minecraft:sprint_one_cm":47473,"lootr:looted_stat":5,"minecraft:damage_taken":460,"minecraft:walk_one_cm":38239,"minecraft:mob_kills":2,"minecraft:drop":1,"minecraft:damage_dealt":310,"minecraft:swim_one_cm":1128,"minecraft:interact_with_crafting_table":3,"minecraft:fly_one_cm":54517,"minecraft:crouch_one_cm":359,"minecraft:play_time":10377,"minecraft:deaths":1,"minecraft:sneak_time":48,"minecraft:walk_under_water_one_cm":552,"minecraft:interact_with_brewingstand":1,"minecraft:jump":233,"minecraft:leave_game":2,"minecraft:time_since_death":8740,"minecraft:walk_on_water_one_cm":1118,"minecraft:sleep_in_bed":1,"minecraft:total_world_time":10377,"minecraft:fall_one_cm":9861},"minecraft:killed":{"minecraft:sheep":2},"minecraft:picked_up":{"minecraft:oak_log":13,"minecraft:red_bed":1,"minecraft:rotten_flesh":4,"minecraft:apple":1,"minecraft:wheat_seeds":1,"minecraft:hay_block":8,"minecraft:poppy":2,"minecraft:black_wool":2,"minecraft:mutton":4},"minecraft:crafted":{"minecraft:oak_planks":48,"minecraft:crafting_table":2,"minecraft:stick":8,"minecraft:wooden_axe":1,"minecraft:wheat":72},"minecraft:used":{"minecraft:wooden_axe":3,"minecraft:rotten_flesh":2,"minecraft:mutton":3,"farmersdelight:flint_knife":4,"minecraft:crafting_table":1,"alexsmobs:animal_dictionary":1},"minecraft:mined":{"minecraft:hay_block":8,"minecraft:red_bed":1,"minecraft:crafting_table":1,"minecraft:grass":19,"minecraft:oak_log":13,"minecraft:poppy":2,"minecraft:oak_leaves":5}},"DataVersion":2975}