{"stats":{"minecraft:killed_by":{"minecraft:zombie":1},"minecraft:dropped":{"minecraft:mutton":1,"minecraft:wooden_axe":1},"minecraft:custom":{"minecraft:time_since_rest":6641,"lootr:looted_stat":7,"minecraft:sprint_one_cm":79666,"minecraft:damage_taken":580,"minecraft:walk_one_cm":64257,"minecraft:mob_kills":3,"minecraft:drop":2,"minecraft:damage_dealt":389,"minecraft:swim_one_cm":1128,"minecraft:interact_with_crafting_table":4,"minecraft:fly_one_cm":115662,"minecraft:crouch_one_cm":359,"minecraft:play_time":15562,"minecraft:deaths":1,"minecraft:sneak_time":48,"minecraft:walk_under_water_one_cm":611,"minecraft:jump":517,"minecraft:interact_with_brewingstand":1,"minecraft:interact_with_blast_furnace":1,"minecraft:leave_game":2,"minecraft:walk_on_water_one_cm":2857,"minecraft:time_since_death":13925,"minecraft:sleep_in_bed":1,"minecraft:climb_one_cm":418,"minecraft:total_world_time":15562,"minecraft:fall_one_cm":19294},"minecraft:killed":{"minecraft:sheep":3},"minecraft:picked_up":{"farmersdelight:tomato_seeds":2,"minecraft:oak_log":15,"farmersdelight:tomato":1,"minecraft:red_bed":1,"minecraft:rotten_flesh":4,"minecraft:apple":1,"minecraft:wheat_seeds":1,"waystones:waystone":1,"minecraft:hay_block":17,"farmersdelight:straw":1,"minecraft:poppy":2,"minecraft:black_wool":3,"minecraft:mutton":6},"minecraft:crafted":{"minecraft:oak_planks":48,"minecraft:crafting_table":2,"minecraft:stick":8,"minecraft:wooden_axe":2,"minecraft:wheat":135},"minecraft:used":{"minecraft:wooden_axe":8,"minecraft:apple":1,"minecraft:bread":1,"minecraft:iron_pickaxe":1,"minecraft:iron_boots":1,"minecraft:rotten_flesh":4,"minecraft:mutton":6,"farmersdelight:flint_knife":23,"minecraft:crafting_table":2,"alexsmobs:animal_dictionary":1},"minecraft:mined":{"minecraft:hay_block":18,"byg:clover_patch":1,"minecraft:red_bed":1,"minecraft:crafting_table":1,"minecraft:grass":20,"minecraft:oak_log":15,"minecraft:poppy":2,"farmersdelight:wild_tomatoes":2,"minecraft:oak_leaves":5}},"DataVersion":2975}