{"stats":{"minecraft:killed_by":{"minecraft:player":2},"minecraft:picked_up":{"minecraft:rotten_flesh":1,"minecraft:wheat_seeds":1,"minecraft:acacia_log":2,"minecraft:sand":1,"minecraft:dirt":8},"minecraft:mined":{"minecraft:grass":6,"minecraft:acacia_log":1,"minecraft:grass_block":6,"minecraft:dirt":2,"minecraft:sand":1},"minecraft:used":{"minecraft:rotten_flesh":1,"minecraft:sand":1,"minecraft:dirt":8,"minecraft:acacia_log":1,"alexsmobs:animal_dictionary":3},"minecraft:custom":{"minecraft:time_since_rest":5525,"minecraft:play_time":10803,"minecraft:sprint_one_cm":23657,"minecraft:walk_one_cm":26379,"minecraft:damage_taken":499,"minecraft:deaths":2,"minecraft:walk_under_water_one_cm":1163,"minecraft:jump":190,"minecraft:damage_dealt":85,"minecraft:leave_game":1,"minecraft:time_since_death":5499,"minecraft:walk_on_water_one_cm":1764,"minecraft:total_world_time":10803,"minecraft:swim_one_cm":1092,"minecraft:fall_one_cm":3652,"minecraft:fly_one_cm":31051}},"DataVersion":2975}