{"stats":{"minecraft:dropped":{"minecraft:diamond_axe":1,"minecraft:oak_log":64,"minecraft:coarse_dirt":128,"minecraft:golden_pickaxe":2,"minecraft:netherite_axe":1,"minecraft:dark_oak_slab":128,"minecraft:stripped_dark_oak_log":64,"minecraft:golden_axe":2,"minecraft:golden_shovel":34,"minecraft:shears":2,"minecraft:dark_oak_log":192,"minecraft:torch":64,"minecraft:diamond_pickaxe":2,"minecraft:spruce_log":128,"structurize:sceptergold":1},"minecraft:custom":{"minecraft:mob_kills":37,"tombstone:raider_killed":2,"minecraft:interact_with_crafting_table":1,"minecraft:open_barrel":5,"minecraft:damage_dealt_resisted":24,"minecraft:leave_game":2,"minecraft:time_since_death":274092,"minecraft:climb_one_cm":12,"minecraft:time_since_rest":274092,"minecraft:sprint_one_cm":43613,"minecraft:damage_taken":20,"minecraft:walk_one_cm":462043,"minecraft:drop":57,"minecraft:damage_dealt":5324,"minecraft:swim_one_cm":1258,"minecraft:talked_to_villager":1,"minecraft:fly_one_cm":1771901,"minecraft:open_chest":2,"minecraft:crouch_one_cm":4830,"minecraft:play_time":274092,"tombstone:undead_killed":6,"minecraft:sneak_time":5065,"minecraft:walk_under_water_one_cm":33773,"minecraft:aviate_one_cm":205272,"tombstone:villager_killed":3,"minecraft:jump":1229,"minecraft:walk_on_water_one_cm":13761,"minecraft:total_world_time":274092,"minecraft:fall_one_cm":1033},"minecraft:killed":{"minecraft:spider":1,"minecraft:wandering_trader":2,"mowziesmobs:umvuthana_follower_raptor":12,"minecraft:creeper":2,"minecraft:phantom":2,"minecraft:sheep":2,"minecraft:skeleton":1,"minecraft:trader_llama":3,"minecraft:zombie":3,"alexsmobs:elephant":2,"minecraft:chicken":1,"alexsmobs:fly":1,"mowziesmobs:umvuthana_raptor":3,"minecraft:villager":1},"minecraft:picked_up":{"mowziesmobs:umvuthana_mask_fury":1,"minecraft:coarse_dirt":64,"minecraft:feather":3,"minecraft:leather":4,"minecraft:lead":2,"minecraft:golden_shovel":3,"minecraft:purpur_block":1,"minecraft:gunpowder":2,"minecraft:string":2,"minecraft:lantern":1,"minecraft:acacia_door":3,"minecraft:smooth_stone_slab":23,"minecraft:podzol":1,"minecraft:wheat_seeds":6,"minecraft:chest":1,"minecraft:phantom_membrane":1,"minecraft:purpur_pillar":2,"alexsmobs:shark_tooth":1,"minecraft:sand":1,"minecraft:golden_axe":1,"structurize:sceptergold":1,"minecraft:spider_eye":1,"minecraft:spruce_door":1,"minecraft:pink_terracotta":1,"minecraft:bundle":1,"minecraft:blue_terracotta":1,"minecraft:rotten_flesh":4,"mowziesmobs:umvuthana_mask_bliss":1,"mowziesmobs:umvuthana_mask_fear":2,"alexsmobs:maggot":2,"minecraft:diamond_pickaxe":1},"minecraft:used":{"minecraft:deepslate_emerald_ore":1,"minecraft:oak_fence":2,"minecraft:dark_oak_stairs":3,"minecraft:water_bucket":14,"minecolonies:blockhutbuilder":1,"minecraft:iron_ore":3,"minecraft:cobblestone_stairs":7,"minecraft:dirt_path":91,"minecraft:flint_and_steel":3,"minecraft:acacia_trapdoor":39,"minecraft:stone":9,"minecraft:horse_spawn_egg":2,"minecraft:oak_leaves":7,"minecraft:torch":2,"minecraft:dirt":24,"minecraft:tnt":3,"supplementaries:bomb":53,"byg:pendorite_shovel":25,"minecolonies:blockminecoloniesrack":1,"minecraft:acacia_leaves":1,"minecraft:white_bed":4,"minecolonies:scepterpermission":1,"alexsmobs:spawn_egg_lobster":4,"minecraft:oak_log":2,"cataclysm:infernal_forge":15,"minecraft:netherite_shovel":192,"minecraft:firework_rocket":9,"minecraft:daylight_detector":1,"minecraft:acacia_door":4,"minecraft:villager_spawn_egg":1,"minecraft:command_block":2,"minecraft:oak_stairs":16,"minecraft:grass_block":374,"minecraft:map":1,"minecraft:dark_oak_slab":3,"minecraft:yellow_wool":1,"supplementaries:bomb_blue":1,"minecraft:cobblestone":12,"minecraft:acacia_fence":4,"minecraft:gold_block":14,"alexsmobs:animal_dictionary":1,"upgradednetherite:corrupt_upgraded_netherite_sword":16,"minecraft:bone_meal":2}},"DataVersion":2975}