{"stats":{"minecraft:crafted":{"minecraft:wooden_sword":1,"minecraft:acacia_planks":16,"minecraft:stick":8,"minecraft:wooden_pickaxe":1,"minecraft:wooden_axe":1},"minecraft:custom":{"minecraft:time_since_rest":5070,"minecraft:crouch_one_cm":3,"minecraft:sprint_one_cm":24983,"lootr:looted_stat":2,"minecraft:play_time":5070,"minecraft:damage_taken":90,"minecraft:walk_one_cm":15668,"minecraft:sneak_time":3,"minecraft:drop":1,"minecraft:jump":166,"minecraft:damage_dealt":622,"minecraft:leave_game":2,"minecraft:time_since_death":5070,"minecraft:total_world_time":5070,"minecraft:interact_with_crafting_table":1,"minecraft:fall_one_cm":4713,"minecraft:fly_one_cm":30466},"minecraft:used":{"minecraft:wooden_axe":8,"minecraft:wooden_sword":12,"minecraft:bread":1,"minecraft:acacia_planks":1},"minecraft:killed":{"minecraft:iron_golem":1},"minecraft:mined":{"minecraft:grass":7,"minecraft:acacia_log":5,"minecraft:acacia_leaves":1,"minecraft:melon":8,"minecraft:crafting_table":1,"minecraft:orange_bed":1},"minecraft:dropped":{"minecraft:crafting_table":1},"minecraft:picked_up":{"minecraft:crafting_table":2,"minecraft:orange_bed":1,"minecraft:wheat_seeds":2,"minecraft:acacia_log":4,"minecraft:iron_ingot":4,"minecraft:poppy":2,"minecraft:melon_slice":41}},"DataVersion":2975}