{"stats":{"minecraft:dropped":{"farmersdelight:tomato_seeds":8,"minecraft:bread":1,"minecraft:wheat_seeds":15,"minecraft:crafting_table":1,"minecraft:rotten_flesh":3,"minecraft:poppy":8,"minecraft:dirt":2,"byg:soapstone":2,"minecraft:acacia_sapling":6,"minecraft:white_wool":1},"minecraft:custom":{"minecraft:interact_with_furnace":14,"lootr:looted_stat":2,"minecraft:mob_kills":16,"minecraft:interact_with_crafting_table":12,"minecraft:leave_game":3,"minecraft:time_since_death":30556,"minecraft:sleep_in_bed":2,"minecraft:time_since_rest":3713,"minecraft:waystone_activated":1,"minecraft:sprint_one_cm":97207,"minecraft:damage_taken":858,"minecraft:walk_one_cm":126124,"minecraft:drop":23,"minecraft:damage_dealt":3404,"minecraft:fly_one_cm":88672,"minecraft:crouch_one_cm":1033,"minecraft:play_time":30556,"tombstone:undead_killed":11,"minecraft:sneak_time":380,"minecraft:jump":691,"minecraft:total_world_time":30556,"minecraft:fall_one_cm":11569},"minecraft:killed":{"minecraft:spider":2,"minecraft:iron_golem":1,"minecraft:sheep":1,"minecraft:skeleton":4,"alexsmobs:cockroach":1,"minecraft:zombie":7},"minecraft:used":{"minecraft:acacia_log":8,"minecraft:iron_sword":76,"minecraft:iron_chestplate":1,"minecraft:orange_bed":1,"minecraft:torch":9,"minecraft:crafting_table":3,"minecraft:wooden_axe":12,"minecraft:iron_axe":1,"minecraft:bread":6,"minecraft:melon_slice":17,"minecraft:iron_pickaxe":29,"minecraft:stone_axe":23,"minecraft:wooden_sword":12,"minecraft:furnace":1,"tombstone:gift":2,"minecraft:cooked_beef":3,"minecraft:acacia_planks":1},"minecraft:mined":{"minecraft:acacia_leaves":1,"minecraft:crafting_table":4,"minecraft:torch":6,"minecraft:acacia_log":27,"minecraft:melon":8,"minecraft:grass_block":6,"minecraft:wall_torch":3,"byg:soapstone":1,"minecraft:furnace":1,"minecraft:iron_ore":11,"minecraft:grass":8,"minecraft:oak_log":2,"minecraft:coal_ore":2,"minecraft:dirt":6,"minecraft:stone":12,"minecraft:orange_bed":2},"minecraft:picked_up":{"minecraft:crafting_table":5,"byg:soapstone":2,"minecraft:cooked_beef":15,"minecraft:oak_log":2,"minecraft:dirt":13,"minecraft:bone":3,"minecraft:wheat_seeds":17,"minecraft:iron_ingot":5,"minecraft:poppy":10,"minecraft:melon_slice":41,"minecraft:iron_sword":1,"minecraft:acacia_sapling":6,"minecraft:furnace":1,"minecraft:raw_iron":11,"minecraft:torch":9,"minecraft:acacia_log":26,"farmersdelight:tomato_seeds":8,"minecraft:orange_bed":2,"minecraft:arrow":6,"minecraft:rotten_flesh":3,"alexsmobs:emu_egg":1,"minecraft:golden_apple":2,"minecraft:mutton":2,"minecraft:coal":2,"minecraft:white_wool":2,"minecraft:cobblestone":12,"minecraft:ender_pearl":1},"minecraft:crafted":{"minecraft:wooden_sword":1,"minecraft:oak_planks":8,"minecraft:wooden_pickaxe":1,"minecraft:furnace":1,"minecraft:stone_axe":1,"minecraft:iron_chestplate":1,"minecraft:iron_axe":1,"minecraft:stick":16,"minecraft:iron_ingot":11,"minecraft:iron_pickaxe":1,"minecraft:wooden_axe":1,"minecraft:acacia_planks":72,"minecraft:torch":8}},"DataVersion":2975}