{"stats":{"minecraft:dropped":{"farmersdelight:tomato_seeds":6,"minecraft:bread":1,"minecraft:wheat_seeds":5,"minecraft:crafting_table":1,"minecraft:poppy":4,"minecraft:dirt":2,"byg:soapstone":1,"minecraft:acacia_sapling":6,"minecraft:white_wool":1},"minecraft:custom":{"minecraft:interact_with_furnace":3,"lootr:looted_stat":2,"minecraft:mob_kills":13,"minecraft:interact_with_crafting_table":7,"minecraft:leave_game":3,"minecraft:time_since_death":24556,"minecraft:sleep_in_bed":1,"minecraft:time_since_rest":2967,"minecraft:waystone_activated":1,"minecraft:sprint_one_cm":93499,"minecraft:damage_taken":708,"minecraft:walk_one_cm":109406,"minecraft:drop":16,"minecraft:damage_dealt":2849,"minecraft:fly_one_cm":86574,"minecraft:crouch_one_cm":1033,"minecraft:play_time":24556,"tombstone:undead_killed":9,"minecraft:sneak_time":380,"minecraft:jump":621,"minecraft:total_world_time":24556,"minecraft:fall_one_cm":11569},"minecraft:killed":{"minecraft:spider":2,"minecraft:iron_golem":1,"minecraft:sheep":1,"minecraft:skeleton":3,"alexsmobs:cockroach":1,"minecraft:zombie":6},"minecraft:used":{"minecraft:acacia_log":8,"minecraft:iron_sword":56,"minecraft:orange_bed":1,"minecraft:torch":5,"minecraft:crafting_table":3,"minecraft:wooden_axe":12,"minecraft:bread":6,"minecraft:melon_slice":13,"minecraft:iron_pickaxe":27,"minecraft:stone_axe":22,"minecraft:wooden_sword":12,"minecraft:furnace":1,"minecraft:cooked_beef":2,"minecraft:acacia_planks":1},"minecraft:mined":{"minecraft:acacia_leaves":1,"minecraft:crafting_table":3,"minecraft:torch":2,"minecraft:acacia_log":27,"minecraft:melon":8,"minecraft:grass_block":6,"minecraft:wall_torch":3,"byg:soapstone":1,"minecraft:iron_ore":11,"minecraft:grass":8,"minecraft:oak_log":2,"minecraft:coal_ore":2,"minecraft:dirt":6,"minecraft:stone":12,"minecraft:orange_bed":1},"minecraft:picked_up":{"minecraft:crafting_table":4,"byg:soapstone":2,"minecraft:cooked_beef":15,"minecraft:oak_log":2,"minecraft:dirt":13,"minecraft:bone":3,"minecraft:wheat_seeds":7,"minecraft:iron_ingot":4,"minecraft:poppy":6,"minecraft:melon_slice":41,"minecraft:iron_sword":1,"minecraft:acacia_sapling":6,"minecraft:raw_iron":11,"minecraft:torch":5,"minecraft:acacia_log":26,"farmersdelight:tomato_seeds":6,"minecraft:orange_bed":1,"minecraft:arrow":4,"minecraft:rotten_flesh":3,"alexsmobs:emu_egg":1,"minecraft:golden_apple":2,"minecraft:mutton":2,"minecraft:coal":2,"minecraft:white_wool":2,"minecraft:cobblestone":12,"minecraft:ender_pearl":1},"minecraft:crafted":{"minecraft:wooden_sword":1,"minecraft:oak_planks":8,"minecraft:wooden_pickaxe":1,"minecraft:furnace":1,"minecraft:stone_axe":1,"minecraft:stick":12,"minecraft:iron_pickaxe":1,"minecraft:wooden_axe":1,"minecraft:acacia_planks":72,"minecraft:torch":8}},"DataVersion":2975}