{"stats":{"minecraft:killed_by":{"alexsmobs:elephant":1},"minecraft:dropped":{"farmersdelight:tomato_seeds":10,"minecraft:bread":1,"minecraft:stone_axe":1,"minecraft:wheat_seeds":20,"alexsmobs:gazelle_horn":1,"minecraft:raw_copper":3,"minecraft:crafting_table":1,"minecraft:rotten_flesh":3,"minecraft:granite":6,"minecraft:poppy":10,"minecraft:dirt":2,"minecraft:diorite":12,"byg:soapstone":2,"minecraft:andesite":2,"minecraft:acacia_sapling":9,"minecraft:paper":3,"minecraft:white_wool":2,"minecraft:bone":3},"minecraft:broken":{"minecraft:iron_pickaxe":1},"minecraft:custom":{"minecraft:interact_with_furnace":20,"lootr:looted_stat":2,"minecraft:mob_kills":17,"minecraft:interact_with_crafting_table":18,"minecraft:leave_game":3,"minecraft:time_since_death":166,"minecraft:sleep_in_bed":2,"minecraft:time_since_rest":194,"minecraft:waystone_activated":1,"minecraft:sprint_one_cm":155211,"minecraft:damage_taken":1262,"minecraft:walk_one_cm":164465,"minecraft:drop":36,"minecraft:damage_dealt":4319,"minecraft:fly_one_cm":138516,"minecraft:crouch_one_cm":1033,"minecraft:play_time":48556,"tombstone:undead_killed":11,"minecraft:deaths":1,"minecraft:sneak_time":380,"minecraft:walk_under_water_one_cm":1704,"minecraft:jump":1037,"minecraft:walk_on_water_one_cm":4399,"minecraft:total_world_time":48556,"minecraft:fall_one_cm":15706},"minecraft:killed":{"minecraft:spider":2,"minecraft:iron_golem":1,"minecraft:sheep":1,"minecraft:skeleton":4,"alexsmobs:elephant":1,"alexsmobs:cockroach":1,"minecraft:zombie":7},"minecraft:used":{"minecraft:acacia_log":8,"minecraft:iron_sword":97,"minecraft:iron_chestplate":1,"minecraft:orange_bed":1,"minecraft:torch":9,"minecraft:dirt":14,"minecraft:crafting_table":5,"minecraft:wooden_axe":12,"minecraft:iron_axe":12,"minecraft:bread":6,"minecraft:melon_slice":19,"minecraft:iron_pickaxe":307,"minecraft:iron_helmet":1,"minecraft:stone_axe":23,"minecraft:wooden_sword":12,"minecraft:furnace":2,"tombstone:gift":2,"minecraft:cooked_beef":6,"minecraft:acacia_planks":35},"minecraft:mined":{"minecraft:acacia_leaves":2,"minecraft:crafting_table":6,"minecraft:torch":6,"minecraft:granite":14,"minecraft:acacia_log":33,"minecraft:melon":8,"minecraft:grass_block":7,"minecraft:copper_ore":1,"minecraft:diorite":16,"minecraft:wall_torch":3,"byg:soapstone":1,"minecraft:furnace":2,"minecraft:iron_ore":21,"minecraft:andesite":5,"minecraft:grass":8,"minecraft:oak_log":2,"minecraft:coal_ore":52,"minecraft:dirt":8,"minecraft:acacia_planks":1,"minecraft:stone":193,"minecraft:orange_bed":2},"minecraft:picked_up":{"minecraft:crafting_table":7,"byg:soapstone":2,"minecraft:cooked_beef":15,"minecraft:andesite":5,"minecraft:oak_log":2,"alexsmobs:gazelle_horn":2,"minecraft:dirt":16,"minecraft:raw_copper":3,"minecraft:bone":3,"minecraft:acacia_planks":1,"minecraft:wheat_seeds":17,"minecraft:iron_ingot":5,"minecraft:poppy":10,"minecraft:melon_slice":41,"minecraft:iron_sword":1,"minecraft:acacia_sapling":6,"minecraft:furnace":2,"minecraft:raw_iron":21,"minecraft:torch":9,"minecraft:acacia_log":32,"farmersdelight:tomato_seeds":8,"minecraft:diorite":16,"minecraft:orange_bed":2,"minecraft:arrow":6,"minecraft:rotten_flesh":3,"minecraft:granite":20,"alexsmobs:emu_egg":1,"minecraft:golden_apple":2,"minecraft:mutton":3,"minecraft:coal":91,"minecraft:white_wool":2,"minecraft:cobblestone":193,"minecraft:ender_pearl":1},"minecraft:crafted":{"minecraft:wooden_sword":1,"minecraft:oak_planks":8,"minecraft:wooden_pickaxe":1,"minecraft:iron_helmet":1,"minecraft:furnace":1,"minecraft:stone_axe":1,"minecraft:iron_chestplate":1,"minecraft:shield":1,"minecraft:iron_axe":1,"minecraft:stick":16,"minecraft:iron_ingot":21,"minecraft:iron_pickaxe":2,"minecraft:wooden_axe":1,"minecraft:acacia_planks":96,"minecraft:torch":8}},"DataVersion":2975}