{"stats":{"minecraft:dropped":{"minecraft:bread":1,"minecraft:crafting_table":1},"minecraft:custom":{"minecraft:time_since_rest":12556,"minecraft:waystone_activated":1,"lootr:looted_stat":2,"minecraft:sprint_one_cm":55582,"minecraft:damage_taken":200,"minecraft:walk_one_cm":55898,"minecraft:mob_kills":2,"minecraft:drop":2,"minecraft:damage_dealt":862,"minecraft:interact_with_crafting_table":1,"minecraft:fly_one_cm":61616,"minecraft:crouch_one_cm":1033,"minecraft:play_time":12556,"minecraft:sneak_time":380,"minecraft:jump":389,"minecraft:leave_game":3,"minecraft:time_since_death":12556,"minecraft:total_world_time":12556,"minecraft:fall_one_cm":7861},"minecraft:killed":{"minecraft:sheep":1,"minecraft:spider":1,"minecraft:iron_golem":1},"minecraft:mined":{"minecraft:acacia_leaves":1,"minecraft:crafting_table":1,"minecraft:grass":8,"minecraft:acacia_log":5,"minecraft:grass_block":1,"minecraft:melon":8,"minecraft:dirt":1,"minecraft:orange_bed":1},"minecraft:crafted":{"minecraft:wooden_sword":1,"minecraft:stick":8,"minecraft:wooden_pickaxe":1,"minecraft:wooden_axe":1,"minecraft:acacia_planks":16},"minecraft:picked_up":{"minecraft:crafting_table":2,"minecraft:cooked_beef":15,"minecraft:acacia_log":4,"minecraft:dirt":1,"minecraft:orange_bed":1,"minecraft:wheat_seeds":2,"minecraft:iron_ingot":4,"minecraft:golden_apple":2,"alexsmobs:emu_egg":1,"minecraft:poppy":2,"minecraft:melon_slice":41,"minecraft:mutton":2,"minecraft:iron_sword":1,"minecraft:white_wool":1,"minecraft:ender_pearl":1},"minecraft:used":{"minecraft:wooden_axe":8,"minecraft:melon_slice":4,"minecraft:bread":3,"minecraft:iron_sword":4,"minecraft:wooden_sword":12,"minecraft:acacia_planks":1}},"DataVersion":2975}