{"name":"tombstone:chest_treasure","rolls":1.0,"bonus_rolls":0.0,"entries":[{"type":"minecraft:item","weight":20,"name":"minecraft:bundle"},{"type":"minecraft:item","weight":20,"functions":[{"function":"tombstone:check_enabled"}],"name":"tombstone:bag_of_seeds"},{"type":"minecraft:item","weight":10,"functions":[{"function":"minecraft:set_nbt","tag":"{enchant:1b}"},{"function":"tombstone:check_enabled"}],"name":"tombstone:scroll_of_preservation"},{"type":"minecraft:item","weight":10,"functions":[{"function":"minecraft:set_nbt","tag":"{enchant:1b}"},{"function":"tombstone:check_enabled"}],"name":"tombstone:scroll_of_unstable_intangibility"},{"type":"minecraft:item","weight":10,"functions":[{"function":"minecraft:set_nbt","tag":"{enchant:1b}"},{"function":"tombstone:check_enabled"}],"name":"tombstone:scroll_of_feather_fall"},{"type":"minecraft:item","weight":10,"functions":[{"function":"minecraft:set_nbt","tag":"{enchant:1b}"},{"function":"tombstone:check_enabled"}],"name":"tombstone:scroll_of_purification"},{"type":"minecraft:item","weight":10,"functions":[{"function":"minecraft:set_nbt","tag":"{enchant:1b}"},{"function":"tombstone:check_enabled"}],"name":"tombstone:scroll_of_true_sight"},{"type":"minecraft:item","weight":10,"functions":[{"function":"minecraft:set_nbt","tag":"{enchant:1b}"},{"function":"tombstone:check_enabled"}],"name":"tombstone:scroll_of_reach"},{"type":"minecraft:item","weight":10,"functions":[{"function":"minecraft:set_nbt","tag":"{enchant:1b}"},{"function":"tombstone:check_enabled"}],"name":"tombstone:scroll_of_lightning_resistance"},{"type":"minecraft:item","weight":10,"functions":[{"function":"minecraft:set_nbt","tag":"{enchant:1b}"},{"function":"tombstone:check_enabled"}],"name":"tombstone:scroll_of_frost_resistance"},{"type":"minecraft:item","weight":10,"functions":[{"function":"minecraft:set_nbt","tag":"{enchant:1b}"},{"function":"tombstone:check_enabled"}],"name":"tombstone:scroll_of_aquatic_life"},{"type":"minecraft:item","weight":10,"functions":[{"function":"minecraft:set_nbt","tag":"{enchant:1b}"},{"function":"tombstone:check_enabled"}],"name":"tombstone:scroll_of_mercy"},{"type":"minecraft:item","weight":20,"functions":[{"function":"tombstone:check_enabled"},{"function":"tombstone:delayed_nbt_loot"}],"name":"tombstone:scroll_of_knowledge"},{"type":"minecraft:item","weight":10,"functions":[{"function":"minecraft:set_nbt","tag":"{enchant:1b}"},{"function":"tombstone:check_enabled"}],"name":"tombstone:tablet_of_cupidity"},{"type":"minecraft:item","weight":10,"functions":[{"function":"minecraft:set_nbt","tag":"{enchant:1b}"},{"function":"tombstone:check_enabled"}],"name":"tombstone:tablet_of_home"},{"type":"minecraft:item","weight":50,"functions":[{"function":"tombstone:check_enabled"},{"function":"tombstone:delayed_nbt_loot"}],"name":"tombstone:magic_scroll"},{"type":"minecraft:item","weight":10,"functions":[{"function":"tombstone:check_enabled"}],"name":"tombstone:familiar_stone"},{"type":"minecraft:item","weight":10,"functions":[{"function":"tombstone:check_enabled"},{"function":"tombstone:delayed_nbt_loot"}],"name":"tombstone:voodoo_poppet"},{"type":"minecraft:item","weight":10,"functions":[{"function":"tombstone:check_enabled"},{"function":"tombstone:delayed_nbt_loot"}],"name":"tombstone:familiar_receptacle"},{"type":"minecraft:empty","weight":740}]}